Normal,Gorder,RCM,Rabbit,Grappolo,Slashburn,Random,RCM Strict,DegSort,Metis,Grappolo-RCM,ND
1,1104,2,2,1,66,83,1,798,1,1,
1,1,3,1,1,164,455,3,186,1,1,
2,326,1,3,2,341,47,2,1,2,6,
2,330,3,3,2,358,89,6,184,2,1,
35,3,2,3,6,359,142,1,2,6,5,
1,2,1,1,5,360,658,1,797,5,2,
2,1,10,5,1,361,262,5,185,1,1,
1,1,11,13,2,619,223,7,156,2,2,
2,2,4,1,22,620,630,2,203,22,499,
2,3,11,6,1,1173,556,25,373,1,51,
3,4,42,1,2,352,614,23,1,2,52,
4,1111,1,58,2,712,81,3,25,111,34,
5,39,24,15,3,751,687,38,189,2,50,
6,327,24,885,4,752,306,24,10,68,4,
7,5,15,270,5,952,312,31,26,3,46,
8,4,25,14,6,992,298,22,27,67,49,
67,1,28,4,7,1019,101,29,28,4,48,
7,1,30,3,76,1033,111,9,375,38,27,
8,2,2,2,29,36,571,7,302,14,31,
9,788,35,1,6,236,58,23,4,1,1,
10,792,39,2,7,243,721,19,48,45,26,
35,9,10,191,8,274,34,43,351,2,8,
36,310,42,1,9,924,33,24,5,3,2,
36,315,13,261,13,925,146,18,115,4,5,
10,316,32,1,14,926,60,33,114,5,35,
37,317,49,2,134,1007,132,29,180,36,38,
38,2,50,822,9,201,224,34,66,3,16,
39,1,51,4,135,260,236,36,67,37,8,
59,1,53,1,14,262,117,6,975,5,3,
688,2,54,2,15,263,460,15,367,6,5,
4,1,14,2,212,288,35,29,165,8,95,
33,1107,2,11,21,294,1,3,165,58,45,
688,5,29,46,77,295,342,30,46,24,950,
61,2,13,2,36,709,449,18,48,14,9,
32,1,54,4,48,137,627,24,50,15,399,
4,1,55,1,3,170,412,6,44,1,57,
5,4,13,12,11,173,646,27,47,74,36,
3,3,17,8,33,174,65,18,50,641,449,
6,1,5,4,48,208,105,7,47,23,947,
706,2,5,2,23,212,91,26,1,11,18,
706,3,36,36,10,219,389,24,164,3,37,
89,168,26,1,75,886,621,28,305,25,7,
3,145,14,1,11,43,297,14,3,24,1,
4,5,18,774,4,132,494,42,164,3,2,
1,3,40,1,5,154,480,38,321,45,15,
762,1,7,1,3,168,530,1,128,2,1,
763,1,42,2,6,203,173,30,322,46,4,
1091,1,42,828,57,204,23,16,207,23,1056,
2,2,43,1,45,206,468,30,208,14,456,
3,3,31,1,57,223,306,18,304,137,1073,
758,4,8,1,97,28,432,31,910,45,17,
2,5,11,1,1,310,238,41,322,1,1,
3,24,16,3,120,315,572,35,321,7,16,
4,27,62,1,115,347,1017,35,614,1,10,
5,28,65,1,148,1008,626,34,222,2,14,
4,1,24,35,8,1028,341,28,119,4,1065,
5,4,52,1,9,1029,390,11,333,5,1064,
6,30,52,2,38,155,17,16,989,5,1074,
26,10,53,1,33,294,580,40,116,11,1073,
9,280,6,2,1,303,415,10,117,2,10,
27,25,55,10,2,326,26,31,49,3,11,
4,156,54,1,1,338,14,33,794,17,1064,
765,1094,55,1,3,339,369,34,2,13,363,
766,4,10,1,2,348,599,37,33,2,12,
3,3,63,1,3,269,263,51,231,3,5,
25,1,14,35,4,272,560,27,164,4,4,
1,2,18,32,5,286,119,33,186,5,9,
34,3,31,4,4,306,63,12,186,4,10,
1,4,60,10,4,307,648,11,49,4,9,
2,5,64,23,5,322,62,21,50,5,3,
2,20,69,18,6,942,73,20,166,6,1,
3,163,64,4,12,74,229,14,51,10,10,
4,1074,65,4,11,75,359,27,303,8,1,
5,1076,77,4,13,118,866,29,304,13,12,
4,1077,10,6,12,164,472,15,305,11,2,
604,5,54,4,31,202,302,41,305,16,372,
605,158,60,3,17,210,108,22,51,17,1086,
614,159,46,4,3,216,115,82,190,3,1,
615,160,41,1,16,449,450,71,299,17,1103,
616,3,32,3,16,453,40,40,116,20,1109,
4,6,60,2,11,704,365,38,306,11,3,
5,1,66,1,10,745,489,39,184,10,4,
737,2,1,1,1,759,701,1,15,1,1,
4,3,3,1,1,985,703,5,15,1,6,
1088,1101,4,861,2,156,471,3,18,2,1,
2,1,3,3,2,336,153,4,438,2,1,
25,1,5,4,3,337,600,1,190,3,2,
1,2,6,1,4,351,88,6,598,4,4,
26,3,7,2,5,352,106,2,204,5,3,
1,5,3,2,21,353,636,5,360,25,25,
1,5,11,4,4,57,112,3,361,4,1,
24,15,3,1,14,446,206,12,168,14,26,
1,5,3,19,14,449,246,8,362,14,490,
2,1,4,1,15,465,500,2,597,15,20,
2,4,8,2,21,970,578,9,1,19,26,
3,3,20,4,25,984,810,7,790,11,951,
59,4,11,1,26,153,313,14,860,12,963,
2,3,24,1,27,320,302,9,171,13,448,
3,1055,32,5,33,324,251,17,369,62,937,
4,1058,51,1,2,325,310,27,860,62,1,
5,447,52,1,3,595,231,36,371,2,2,
4,4,52,1,10,1020,16,25,3,2,1032,
594,1,50,3,2,713,906,29,361,1,32,
54,5,36,2,54,734,219,41,319,15,65,
1022,6,9,2,34,966,534,26,204,11,1018,
1,5,2,8,2,1008,397,3,1,1,10,
2,1,23,2,1,1009,660,49,204,2,1,
3,2,13,1,1,1018,947,42,201,1,1,
3,5,78,1,1,820,1167,71,1,1,1,
4,6,72,6,5,826,51,49,170,9,1094,
5,22,1,4,1,827,770,1,789,2,5,
6,5,6,1,2,966,786,4,1,4,1,
6,5,2,1,2,1003,157,2,374,81,35,
591,5,1,111,3,1004,628,1,50,3,1,
56,5,2,2,13,18,516,5,375,10,1,
2,1063,1,13,2,812,80,1,171,1,1,
591,1064,2,100,187,826,45,5,406,35,97,
946,1064,3,2,3,829,141,2,119,2,103,
1,5,4,1,4,921,436,4,205,3,31,
1,1,10,1,188,996,138,11,789,35,19,
3,2,6,39,19,702,306,4,409,10,1011,
2,3,8,3,1,704,51,7,190,1,973,
2,4,9,5,45,705,620,5,83,21,115,
2,5,3,10,12,789,426,9,82,20,3,
3,6,5,260,9,913,42,3,410,91,1,
4,7,8,4,25,994,272,2,84,7,840,
66,8,2,264,1,72,217,5,71,1,14,
64,483,3,1,2,116,312,7,2,2,59,
5,591,7,3,3,226,399,9,121,3,1,
587,593,9,1,4,770,348,2,1,4,55,
4,1079,11,1,5,773,272,10,910,5,49,
1,586,14,1,6,777,63,12,329,6,120,
15,5,26,2,6,61,315,20,378,33,1,
15,5,32,9,18,173,865,19,20,9,397,
34,5,13,1,8,202,511,19,228,12,1,
16,505,4,1,2,236,207,1,522,2,50,
51,5,24,10,18,254,338,7,29,9,852,
4,6,15,36,27,689,31,29,51,14,900,
1,580,18,224,32,475,520,7,38,92,794,
2,5,14,3,3,952,508,27,172,36,65,
2,1,11,1,2,979,347,25,410,37,104,
3,2,3,5,1,985,709,12,81,1,1,
70,1038,20,3,50,988,345,29,30,1,79,
4,5,28,31,183,440,19,20,21,2,10,
3,20,34,235,1,446,230,11,23,2,52,
4,24,37,2,2,448,5,18,202,3,1,
5,5,41,1,3,975,457,20,210,5,2,
6,21,28,72,134,977,347,12,207,294,68,
4,29,2,2,30,300,1054,7,51,104,868,
5,1,20,7,1,331,125,21,1,293,1,
48,3,16,1,3,693,461,41,382,4,1,
636,4,4,645,1,694,606,2,42,2,1,
13,3,16,207,14,971,741,44,383,146,63,
6,2,10,99,12,392,177,3,2,8,73,
2,1,45,5,14,393,175,22,1,147,45,
45,1,46,165,51,643,489,23,172,7,10,
766,32,19,1,17,658,119,17,211,15,101,
2,9,4,1,1,966,846,28,335,1,80,
1,320,23,7,2,649,585,18,201,92,1,
3,323,9,1,2,652,91,40,227,92,119,
1,980,31,156,3,663,630,32,1,2,102,
2,911,14,245,4,964,471,5,174,3,1,
2,912,48,2,22,968,15,18,339,16,135,
684,4,8,1,3,337,558,9,959,1,86,
1,1,16,5,4,393,617,20,174,2,33,
1,1,49,2,5,447,919,32,175,3,1,
2,322,56,11,6,483,441,19,176,197,106,
3,326,38,1,6,959,38,23,383,2,289,
3,327,32,93,20,137,63,36,123,10,1,
1,328,16,1,4,307,37,40,210,89,104,
4,6,36,1,5,309,139,27,784,3,1,
44,3,46,2,17,310,486,24,1,13,62,
51,3,42,11,19,420,454,28,2,15,1,
52,2,29,1,19,434,521,37,122,15,49,
689,1,41,4,27,714,329,41,1,20,271,
1,2,19,8,15,740,305,18,206,9,1,
1,1,6,1,2,955,84,47,582,154,10,
1,1,34,14,16,956,101,51,223,14,37,
1,2,38,4,22,709,99,26,223,15,873,
2,11,41,1,2,729,166,32,2,2,20,
1,3,8,3,1,731,362,52,436,1,1,
2,1,8,635,31,829,307,46,1,6,926,
104,3,41,1,1,953,117,42,129,1,5,
3,2,73,1,1,281,112,40,206,1,1,
3,1,4,2,2,292,801,14,179,2,83,
4,2,71,2,2,295,296,30,384,2,63,
1,4,37,1,46,325,1132,64,959,24,24,
5,22,10,46,30,926,368,51,50,130,1001,
531,4,43,3,22,444,617,4,1,7,969,
532,3,2,8,1,718,409,4,51,1,19,
531,1,31,43,1,731,280,46,385,1,56,
3,2,11,4,2,948,234,2,2,2,2,
1,2,3,38,3,950,777,34,1,3,2,
1,1,35,1,166,444,109,42,105,3,33,
2,20,42,4,1,706,1028,44,128,1,58,
57,20,55,25,3,712,678,47,128,4,1,
2,56,28,1,33,926,144,57,907,27,3,
3,4,41,7,32,948,372,45,10,24,2,
4,1,22,1,12,704,276,20,1,10,951,
5,1,64,1,5,705,823,45,573,21,74,
6,2,66,2,2,819,335,46,574,15,107,
5,3,70,3,1,820,585,13,781,13,1,
6,11,61,1,11,821,72,39,782,12,1006,
7,14,1,2,1,42,219,1,783,3,1,
8,5,1,7,1,268,167,1,52,1,1,
9,1,1,1,1,277,123,1,1,1,2,
536,1,1,84,1,285,106,2,66,1,3,
536,1,2,1,2,921,184,1,129,2,4,
12,5,14,6,1,250,358,20,387,1,1,
732,5,15,2,2,280,268,1,366,2,2,
733,1,24,6,3,282,44,23,53,3,50,
5,2,22,1,3,917,109,11,369,3,19,
534,64,8,1,4,918,155,17,335,4,30,
58,70,29,7,1,892,53,19,129,1,1,
46,3,6,5,5,897,254,18,1,5,22,
1,2,33,1,21,900,784,19,2,5,371,
51,1,34,1,22,915,574,27,332,4,841,
592,2,25,2,21,916,132,3,539,5,789,
52,4,2,1,11,493,53,22,335,5,136,
1,40,14,88,3,494,751,20,83,3,1,
48,3,17,51,1,904,344,5,1,73,74,
1,1,18,1,1,912,748,15,314,28,22,
1,1,20,1,2,913,598,9,1,92,102,
2,3,24,2,2,774,96,25,194,65,113,
2,3,7,6,191,789,745,14,419,1,106,
1,4,25,1,3,790,789,9,993,2,3,
1,5,26,71,4,791,626,1,30,3,1,
1,6,27,93,5,890,293,20,419,46,73,
45,7,2,2,25,39,661,22,211,39,3,
42,8,6,120,23,184,428,19,197,13,156,
2,3,12,1,17,236,23,27,212,4,644,
3,10,13,10,119,237,775,6,420,1,126,
3,1,6,1,4,887,1034,21,388,2,72,
1,8,17,1,5,482,3,22,180,200,143,
2,11,11,2,6,488,99,16,393,3,1,
2,5,19,1,7,489,409,5,964,4,88,
3,284,21,1,11,855,523,24,335,2,339,
4,284,11,2,15,875,225,12,212,58,721,
47,285,4,4,23,151,226,9,181,1,120,
3,5,9,30,24,180,696,6,53,2,647,
60,5,12,5,34,211,910,31,182,26,208,
6,4,20,19,1,233,354,37,374,4,1,
60,1,46,9,14,668,76,10,116,5,673,
124,4,16,31,12,39,758,25,1,7,683,
1,2,36,3,27,144,5,11,323,28,3,
1,3,21,1,156,222,322,30,333,15,2,
1,4,21,1,10,850,589,20,340,8,612,
1,5,3,1,23,852,311,10,1,15,686,
2,6,41,1,1,141,536,42,11,1,121,
3,985,41,1,12,142,395,22,213,9,52,
3,986,3,3,32,144,238,2,214,164,1,
679,1,42,2,33,844,69,39,215,18,3,
680,310,71,1,1,846,176,29,2,1,1,
817,314,38,725,1,47,680,77,1,1,107,
1,315,54,1,1,90,1033,35,429,1,118,
1,1,58,4,2,744,156,34,430,2,1,
2,929,17,9,2,745,1042,22,25,249,105,
3,2,37,2,40,746,16,17,77,28,665,
459,272,43,6,46,38,1044,69,205,35,3,
460,6,60,626,1,186,752,26,431,2,36,
461,5,65,1,189,187,121,27,217,1,32,
666,1,13,2,1,188,239,12,127,3,1,
667,1,40,2,2,209,81,26,780,4,27,
668,2,44,35,1,96,487,73,128,4,1,
669,3,73,4,232,131,599,57,1,476,72,
1,4,58,1,4,838,33,48,346,5,887,
1,309,38,2,1,842,998,52,136,1,165,
2,313,99,2,2,845,838,27,219,2,1,
2,322,42,246,2,46,184,62,128,2,150,
1,21,15,3,42,57,1127,3,118,473,125,
1,1,45,11,3,59,2,15,344,4,1,
1,94,49,1,2,68,354,48,262,4,1,
1,5,78,5,29,69,192,60,390,15,92,
2,4,79,239,28,42,96,29,389,14,2,
48,5,97,2,5,55,196,103,391,485,88,
3,6,35,6,9,67,218,23,32,10,867,
3,2,65,6,20,90,411,52,265,18,33,
4,2,66,1,18,739,166,48,560,17,90,
5,147,3,2,1,64,520,8,1,1,1,
67,3,12,1,1,65,421,10,346,1,1,
68,2,18,42,1,107,792,6,347,39,1,
69,1,19,19,1,831,921,7,1,1,7,
70,971,20,2,48,833,237,10,128,2,16,
71,28,12,1,2,716,611,12,1,3,9,
72,5,7,13,2,805,296,10,348,39,13,
3,5,3,2,1,819,605,9,349,7,723,
58,1,2,2,3,828,800,8,223,9,726,
66,3,5,2,4,48,125,9,346,10,10,
1,158,24,1,15,720,69,18,398,15,13,
60,3,18,1,28,731,375,10,398,3,14,
1,3,6,1,1,734,1145,14,118,1,8,
1,308,17,2,1,418,26,6,350,1,1,
53,309,9,8,2,704,718,11,1,2,18,
50,3,18,3,3,717,493,9,61,3,7,
2,3,6,1,21,718,1040,9,126,8,2,
2,1,10,3,3,196,404,12,350,3,414,
3,309,17,1,4,668,871,9,351,4,416,
4,5,18,8,9,669,123,5,414,5,11,
5,1,2,14,24,670,244,1,415,37,723,
6,2,3,123,25,299,654,3,189,16,731,
8,3,4,1,26,399,100,5,416,93,735,
5,959,3,15,27,404,17,6,517,17,445,
6,2,47,47,1,663,693,22,518,1,1,
1,3,45,1,1,231,240,67,600,1,160,
7,6,52,1,2,241,899,26,389,2,43,
8,154,36,19,2,657,79,38,615,2,1,
9,150,64,1,6,658,79,73,4,7,142,
10,1,61,2,1,553,724,40,775,1,55,
70,148,26,1,1,646,44,29,227,1,1,
717,8,23,1,1,650,445,8,228,1,1,
715,2,10,2,1,652,696,2,2,1,50,
828,1,28,1,2,508,30,27,1,333,154,
6,2,32,1,3,509,189,15,1,4,12,
7,1,1,19,3,643,285,15,420,29,12,
73,5,45,22,4,644,42,33,62,4,148,
6,27,31,1,5,595,437,11,42,333,13,
70,11,22,8,49,614,204,19,3,6,99,
74,3,29,2,291,636,203,22,190,8,93,
105,2,32,1,51,638,281,30,359,9,135,
899,187,35,3,52,582,41,24,129,10,1,
2,1,33,1,53,587,457,11,360,11,127,
3,1,37,120,295,620,165,12,234,12,16,
2,1,39,6,54,633,269,20,235,13,139,
3,1,18,8,48,571,540,32,105,335,370,
4,2,23,21,11,582,506,25,236,3,3,
5,3,42,92,3,583,715,21,465,1,17,
6,4,48,10,40,611,757,17,466,12,172,
66,306,20,1,49,616,20,42,226,10,92,
5,1,43,1,1,624,14,22,140,1,1,
1,3,5,1,127,628,568,36,228,1,125,
2,4,37,3,386,629,36,46,124,181,12,
2,4,45,1,1,576,157,41,272,182,2,
61,5,40,1,150,612,98,44,272,2,25,
59,5,16,107,258,613,65,59,403,3,125,
3,5,44,154,1,619,67,13,6,4,213,
1,6,48,65,2,574,580,38,15,122,109,
2,615,54,85,3,608,275,12,230,6,2,
3,2,23,2,1,609,288,41,144,8,110,
3,5,32,1,235,610,180,49,424,1,15,
60,6,56,1,1,349,69,29,31,5,138,
1,7,60,121,2,352,407,42,179,6,201,
1,1,9,3,234,602,326,8,52,7,125,
2,1,63,4,3,606,15,10,53,41,1,
2,2,66,11,6,313,236,9,11,9,18,
1,5,68,2,7,333,116,8,422,44,182,
61,750,50,180,38,559,474,70,456,20,3,
1,4,53,152,12,561,524,7,94,1,471,
2,5,57,162,5,326,66,13,457,1,315,
2,6,45,4,7,327,197,31,237,412,25,
3,15,23,6,115,328,503,38,12,28,580,
1,932,55,6,7,546,152,52,95,5,3,
2,5,58,5,8,100,384,22,106,6,4,
2,1,58,192,23,496,585,49,469,19,231,
3,3,59,2,27,497,364,9,470,393,67,
2,3,54,171,7,541,397,42,471,5,20,
1,4,60,1,24,415,350,8,424,20,10,
4,3,61,1,28,420,464,47,901,22,98,
1,1,71,2,45,421,801,38,367,24,739,
1,3,31,1,190,442,82,39,5,24,557,
2,1,23,25,17,302,26,39,311,48,536,
3,1,17,1,21,392,519,79,1,17,2,
3,1,66,1,2,439,309,65,237,35,179,
57,1,45,503,3,440,693,31,32,2,77,
58,1,41,1,2,393,615,8,462,450,123,
59,2,47,181,3,410,63,10,95,1,116,
60,3,11,4,4,435,314,46,463,3,39,
1,2,9,1,5,438,8,47,6,4,1,
1,2,23,7,6,385,155,40,69,5,60,
2,3,35,4,19,400,560,62,210,16,1,
2,2,34,3,5,402,361,90,469,1,1,
65,1,60,2,25,403,519,55,358,12,480,
64,1,43,35,27,277,862,15,225,15,634,
1,1,45,2,28,342,756,14,239,16,596,
758,1,65,3,7,382,164,58,471,7,538,
6,2,11,1,1,400,152,11,472,1,96,
7,3,45,5,2,254,322,69,442,2,1,
55,5,23,7,2,278,877,67,211,454,1,
55,6,65,2,14,282,400,66,147,19,138,
56,906,18,3,1,283,865,34,8,10,1,
401,4,21,2,15,234,528,54,6,3,76,
2,1,21,469,1,235,513,12,465,1,1,
3,5,28,5,64,258,342,27,466,2,121,
4,6,14,2,2,272,245,37,467,3,110,
3,5,32,1,3,209,15,47,468,455,2,
415,5,95,29,12,239,712,25,469,8,3,
1,5,22,1,2,241,245,30,2,1,102,
2,5,2,1,1,256,387,2,239,1,1,
3,5,72,239,2,218,732,37,244,2,2,
4,1,14,3,2,221,28,50,245,2,69,
5,1,74,1,1,225,403,39,2,1,1,
6,5,51,1,11,236,254,87,2,25,100,
6,1,58,1,1,129,662,38,388,1,99,
52,5,28,1,2,210,814,21,2,2,1,
53,5,55,1,2,211,247,12,249,2,1,
1,2,57,2,3,219,22,14,249,3,2,
440,1,47,2,6,120,27,23,280,4,8,
441,1,1,11,1,159,94,2,281,1,1,
49,1,2,1,2,161,931,2,1,2,2,
53,1,2,4,2,196,352,1,2,2,4,
69,1,1,15,3,116,36,1,2,3,2,
1,2,2,3,4,117,579,1,1,4,3,
2,3,2,1,2,125,51,2,248,2,1,
3,3,1,2,3,185,91,1,1,20,129,
469,4,1,1,1,148,120,2,248,1,1,
2,467,8,1,1,157,978,3,762,1,1,
47,5,10,2,1,174,692,6,763,1,6,
68,5,4,7,2,176,263,9,247,2,10,
2,5,11,1,3,100,734,4,1,3,1,
3,5,6,2,3,110,323,6,249,3,1,
4,1,6,4,39,171,53,1,250,20,4,
5,5,2,1,37,172,904,1,2,19,7,
4,5,8,4,36,46,360,2,1,18,3,
515,5,14,1,35,47,250,11,4,17,10,
641,5,7,1,1,61,680,6,901,1,3,
1,5,1,3,1,149,791,3,391,1,2,
62,4,2,33,2,60,217,2,63,2,1,
1,8,7,2,2,144,391,3,902,2,1,
509,9,64,3,1,146,259,39,1,1,122,
56,845,4,1,7,147,78,13,966,18,519,
1,452,32,4,5,30,882,60,202,7,90,
2,5,34,2,6,44,39,30,967,9,1,
122,1,43,3,66,46,794,26,456,19,4,
1,1,47,2,68,78,56,51,252,55,142,
2,2,33,1,66,94,594,17,204,19,3,
2,3,38,9,194,128,525,48,285,52,206,
3,413,40,3,67,134,155,18,254,20,38,
1,4,10,1,215,140,364,1,765,6,126,
1,1,46,1,12,126,485,69,512,4,404,
2,2,51,2,3,130,299,34,250,12,520,
2,3,46,1,2,131,939,8,18,114,1,
75,4,48,9,3,132,592,27,254,5,2,
523,5,54,2,4,65,221,16,1,6,3,
1,860,53,1,50,73,685,72,39,25,77,
2,5,36,1,3,122,45,89,399,1,139,
2,1,56,24,14,125,719,26,142,1,344,
79,5,26,1,16,53,402,30,400,4,85,
1,26,1,1,53,88,907,26,402,29,11,
1,2,47,1,162,115,8,15,459,1,31,
78,1,70,6,1,121,914,12,105,2,71,
128,1,75,24,2,49,89,41,61,120,59,
331,7,23,1,3,68,403,54,139,3,146,
1,3,7,1,4,71,82,7,509,4,25,
1,1,81,18,5,72,377,50,505,5,36,
53,2,6,8,1,13,189,19,140,5,1,
1,3,61,1,50,48,187,97,507,55,1,
709,1,42,5,67,58,378,75,508,26,71,
54,2,48,11,68,66,92,77,249,25,51,
2,3,30,15,1,30,153,47,40,1,121,
103,3,36,8,3,42,308,32,109,8,118,
3,1,40,1,4,46,361,10,110,43,371,
1,1,54,14,52,15,88,18,657,54,536,
49,2,10,3,46,33,327,9,226,316,3,
2,2,73,37,50,34,88,58,464,54,235,
52,1,54,1,42,6,103,59,238,52,98,
2,1,50,2,54,12,380,36,248,11,108,
364,1,2,1,1,17,742,5,401,1,118,
365,303,10,22,2,4,213,18,1,115,1,
1,1,33,175,3,6,513,2,34,2,119,
1,1,31,6,37,9,576,49,61,30,150,
51,1,35,1,2,1,263,3,468,1,1,
47,2,72,3,229,3,289,104,69,26,41,
1,2,48,1,10,1,190,81,8,5,373,
2,2,14,244,2,3,263,20,250,2,63,
3,2,20,3,3,1,277,19,10,308,109,
1,2,23,33,4,1,343,18,100,4,1,
4,1,26,2,5,1,285,41,1002,6,120,
5,1,56,260,4,1,844,50,537,6,1,
422,203,46,22,27,1,544,80,538,20,449,
423,199,48,288,43,2,434,76,11,281,412,
424,1,57,2,37,3,335,44,289,417,436,
4,2,68,1,1,3,156,90,812,441,1,
5,2,56,1,1,3,112,46,43,1,267,
6,3,21,1,33,1,495,29,431,16,351,
1,4,29,48,39,6,66,38,510,25,3,
7,256,45,1,270,7,696,46,356,139,50,
8,148,7,1,1,6,492,69,543,475,1,
388,482,101,1,2,7,336,34,813,440,53,
389,477,51,1,27,2,491,39,2,30,632,
94,308,21,1,1,7,396,64,260,36,120,
5,3,25,1,2,2,940,32,263,37,36,
3,5,97,1,2,7,20,29,260,2,1,
91,2,98,6,3,6,611,54,262,3,2,
92,1,1,3,1,6,446,25,32,1,1,
776,1,26,1,16,3,268,46,141,20,23,
1,1,46,1,1,1,170,31,403,1,1,
1,1,32,2,2,1,329,16,69,2,10,
1,1,18,1,2,1,499,39,472,2,18,
1,2,39,20,22,2,160,35,74,22,8,
2,757,47,10,16,3,356,15,209,16,2,
3,3,51,1,6,2,214,17,304,5,616,
1,4,15,1,1,5,252,9,264,1,1,
3,1,20,2,3,1,298,10,1,2,5,
3,1,15,1,36,1,46,14,263,28,3,
4,2,12,1,13,1,1008,17,1,12,12,
5,3,11,3,1,1,1092,9,406,1,19,
6,2,1,5,1,1,416,5,264,1,1,
4,2,8,1,23,5,660,10,408,15,5,
5,2,18,4,25,1,174,6,409,17,3,
2,3,1,1,24,3,379,4,267,11,430,
454,4,8,4,43,3,320,6,268,27,63,
578,5,34,2,1,4,738,31,304,1,1,
2,7,29,1,1,1,563,23,2,1,1,
59,3,33,1,1,1,850,24,267,2,161,
3,2,50,1,74,1,82,45,1,32,435,
2,5,48,1,261,6,1057,74,1,1,37,
1,5,44,4,24,1,54,36,312,9,3,
799,5,48,3,32,2,793,48,268,15,49,
1,5,51,1,3,2,905,45,269,371,46,
2,5,29,1,1,3,20,20,493,1,48,
1,6,8,1,2,3,155,2,212,405,200,
2,5,86,1,2,2,552,55,482,1,1,
2,5,40,2,27,3,721,42,270,384,3,
3,5,58,22,37,1,241,21,29,390,487,
4,4,59,5,38,1,549,22,271,29,125,
1,5,76,2,1,9,224,56,1,1,178,
3,5,33,1,1,11,44,33,63,36,1,
3,4,70,20,1,11,581,98,488,1,94,
4,785,60,2,2,1,396,51,461,227,16,
2,5,64,24,3,6,99,36,1,2,66,
793,720,6,5,1,7,605,2,457,1,20,
2,722,37,2,114,1,344,8,127,35,122,
3,723,72,1,4,2,529,8,592,3,1,
4,724,79,271,10,2,818,25,279,8,173,
2,5,57,563,126,1,116,108,280,117,270,
77,1,2,3,265,1,37,3,489,78,163,
78,2,54,5,1,1,1016,49,490,228,4,
3,780,46,1,3,1,85,7,1,1,37,
77,4,39,1,114,1,692,67,3,193,100,
77,1,48,2,4,2,545,32,231,2,54,
1,1,51,1,5,10,411,39,231,3,182,
1,2,53,2,6,5,282,23,422,4,38,
1,15,62,1,41,14,588,49,393,15,320,
1,2,64,5,42,1,571,20,5,26,124,
1,3,10,1,25,3,644,16,395,15,37,
2,4,16,304,2,4,228,8,537,1,38,
69,4,51,34,4,4,509,55,259,4,1,
2,5,89,5,19,14,7,49,260,10,39,
3,5,36,4,22,13,87,56,2,21,52,
4,5,41,260,23,18,809,31,113,129,1,
5,6,33,7,21,1,76,49,538,20,353,
6,686,29,2,17,2,732,3,3,193,91,
3,689,9,1,39,3,640,74,753,33,184,
72,5,49,1,19,4,765,41,61,125,130,
73,1,47,3,1,3,327,44,106,1,1,
1,441,1,4,1,3,245,2,539,1,1,
4,767,63,2,1,11,460,20,240,1,23,
5,2,6,2,1,11,428,4,783,1,25,
6,4,21,1,2,1,401,40,3,2,62,
3,3,68,2,3,1,24,24,151,3,63,
1,2,27,262,1,4,451,36,265,1,37,
76,1,72,1,3,5,533,13,281,3,1,
1,2,33,1,37,8,734,31,4,27,65,
674,642,31,18,271,2,816,45,201,142,155,
797,7,40,5,3,3,1160,17,517,3,82,
1,9,69,3,270,1,1048,47,3,143,7,
1,10,66,10,13,2,7,20,285,12,8,
58,7,10,2,1,5,466,8,601,1,173,
1,6,40,4,2,1,271,30,602,2,1,
1,5,50,2,6,1,649,9,286,1,348,
1,1,38,1,1,1,206,2,550,137,148,
2,5,99,603,7,1,362,69,603,9,353,
3,1,35,3,24,1,351,66,118,17,1,
3,1,3,2,8,2,270,49,1,3,179,
131,2,44,1,4,1,533,30,1,3,178,
1,5,24,3,2,1,447,33,430,2,171,
1,1,29,2,3,1,975,19,148,3,1,
1,2,6,5,1,1,429,11,104,1,1,
2,722,65,560,2,2,125,40,431,2,62,
2,634,37,3,22,2,546,26,252,23,277,
530,5,15,1,1,1,878,38,750,1,1,
1,4,20,1,2,1,384,48,253,2,2,
2,1,5,22,1,1,474,10,31,1,1,
2,3,40,22,2,1,526,14,536,407,2,
3,3,42,2,2,3,314,21,105,1,2,
594,1,11,26,3,3,1028,1,147,407,41,
2,1,52,1,5,4,102,23,284,2,29,
3,5,24,1,2,13,572,5,433,1,42,
4,5,31,40,1,2,48,22,148,408,43,
530,326,40,5,5,3,789,45,6,2,24,
3,4,22,1,110,12,1111,31,433,1,14,
526,1,37,1,38,4,97,40,1,2,31,
527,2,25,13,1,1,1082,49,283,19,733,
3,3,46,1,15,2,55,48,464,3,15,
1,257,24,2,11,7,665,19,1,12,19,
1,661,45,1,1,1,132,16,221,2,1,
2,1,19,3,2,1,797,39,222,3,15,
3,1,52,1,3,2,126,17,284,4,9,
602,1,51,6,18,2,553,36,223,391,52,
1,3,40,7,70,8,691,32,1,2,30,
2,1,16,2,20,1,739,30,224,393,2,
3,1,43,1,186,3,138,39,222,28,33,
4,637,60,1,3,1,475,44,284,3,13,
4,655,24,32,23,1,400,12,72,27,1,
96,1,30,19,23,2,314,44,1,27,2,
1,1,24,3,1,1,232,27,505,1,1,
1,2,18,1,1,1,262,37,284,1,6,
2,5,5,100,1,1,358,4,436,1,7,
98,3,32,1,1,1,527,17,152,120,6,
87,4,29,2,1,2,636,37,437,1,9,
2,3,16,12,2,2,187,30,223,2,13,
3,1,46,1,2,11,578,12,224,2,14,
4,733,51,11,3,1,717,34,1,3,13,
244,8,25,2,4,1,517,55,423,4,23,
5,732,57,1,5,1,57,13,2,5,1,
245,3,54,2,6,1,259,2,287,6,12,
246,2,20,1,3,2,256,12,3,3,1,
265,4,24,562,249,8,58,20,218,105,16,
243,1,37,3,250,3,259,60,558,17,16,
266,5,28,315,17,1,175,11,238,16,3,
2,6,5,2,1,1,268,22,559,1,1,
3,7,20,1,4,1,271,4,509,4,4,
4,8,26,1,5,1,187,1,3,5,2,
5,16,33,2,6,3,320,10,50,6,11,
82,31,40,4,3,3,358,34,1,3,1,
6,709,14,1,20,4,1122,31,1,20,70,
90,3,21,2,1,11,163,17,442,1,1,
5,2,11,30,1,6,391,6,107,1,1,
6,1,14,94,23,3,906,6,70,15,89,
323,1,7,6,16,4,904,8,7,16,101,
511,2,1,1,1,5,311,1,550,1,1,
511,725,1,6,1,11,465,1,38,1,1,
2,727,1,65,1,3,341,1,551,11,4,
3,4,67,23,1,10,147,17,508,1,1,
2,10,31,1,1,3,518,26,1003,1,1,
74,11,36,1,1,7,856,27,514,1,130,
89,726,46,352,2,1,30,74,223,2,217,
1,619,40,2,3,2,695,28,515,3,132,
2,5,55,5,3,1,154,39,512,3,1,
364,1,46,4,5,1,743,22,515,5,1,
715,1,40,1,26,2,1028,18,966,10,99,
78,2,16,9,1,2,609,34,516,1,63,
363,3,63,2,1,3,568,51,15,1,1,
370,4,22,1,1,4,583,26,2,1,44,
371,5,26,1,2,2,12,27,450,2,36,
372,59,1,1,2,7,27,11,450,2,1,
1,638,20,2,27,1,466,30,451,12,3,
1,642,55,1,1,2,942,39,1,31,40,
71,612,51,3,2,3,120,27,1,1,20,
48,2,28,1,2,6,1080,35,452,1,35,
1,2,5,1,3,1,760,8,449,2,1,
1,5,10,2,11,1,155,32,452,18,819,
2,1,13,1,17,1,536,33,453,5,25,
2,2,37,25,2,1,51,61,454,2,1,
28,4,32,6,3,2,568,25,455,3,14,
3,5,14,1,4,2,525,36,3,4,22,
4,6,20,1,23,1,916,34,3,4,30,
3,7,25,3,3,1,841,24,2,3,1,
4,1,66,1,28,1,272,41,65,9,53,
5,1,20,1,27,2,623,23,305,8,87,
2,4,27,2,26,2,556,29,306,7,86,
484,479,45,4,3,14,496,48,307,3,117,
485,480,59,1,1,1,2,28,305,1,135,
486,1,62,1,1,3,306,29,1,1,2,
565,3,64,5,2,4,999,10,1,2,3,
498,3,34,14,3,4,103,67,2,3,245,
3,2,22,1,10,7,506,50,296,396,444,
63,707,35,7,1,7,1089,52,154,1,6,
46,5,62,1,2,3,668,32,307,1048,1,
1,3,16,3,4,4,25,20,307,2,2,
1,5,45,2,225,6,836,31,463,3,139,
1,2,41,1,5,4,706,29,464,3,1,
1,1,57,3,321,1,808,76,1,5,194,
2,2,47,15,5,1,243,20,305,5,50,
3,703,35,1,14,11,504,55,2,19,438,
3,5,6,2,1,1,458,22,465,1,47,
233,6,28,4,1,2,630,62,155,1,220,
1,3,43,1,2,2,750,39,466,2,92,
1,1,91,1,2,3,148,42,603,2,157,
2,1,31,17,3,4,568,3,463,3,235,
3,2,95,1,4,5,24,41,293,4,38,
3,5,63,12,439,8,842,45,465,1061,242,
291,5,50,1,6,3,551,32,899,9,580,
568,53,53,2,4,5,617,31,466,362,584,
569,4,54,1,365,1,223,45,1,1053,57,
570,1,87,1,9,3,547,70,54,4,426,
1,1,6,2,9,5,223,2,154,4,501,
2,2,52,1,8,2,766,66,467,11,503,
2,3,75,2,124,3,269,43,468,5,544,
3,4,73,133,2,6,748,30,469,30,77,
4,5,8,1,3,1,835,70,316,1,1,
5,6,74,1,4,2,877,19,173,2,80,
6,5,1,12,5,5,375,10,469,3,62,
297,690,75,66,7,1,239,21,74,4,37,
298,1,13,8,2,1,497,1,125,2,115,
5,2,17,38,7,4,506,36,81,1,21,
294,5,2,1,8,1,56,8,209,2,1,
296,4,51,30,40,2,647,42,544,196,176,
297,1,23,214,40,1,141,14,75,161,42,
298,3,73,2,15,17,527,35,489,38,337,
1,322,41,1,13,5,310,36,2,10,377,
2,2,20,1,16,7,701,36,153,10,83,
2,1,9,3,2,16,726,7,470,34,1,
3,1,27,1,3,17,403,27,5,35,2,
4,1,14,1,13,17,644,29,628,21,37,
2,1,16,339,276,3,40,39,629,5,396,
3,1,42,1,45,4,656,36,376,31,45,
4,1,47,838,2,4,657,20,638,2,23,
477,1,36,2,20,12,391,10,151,11,677,
3,1,53,9,1,4,236,19,639,1,26,
4,2,55,1,35,5,869,34,172,29,45,
5,3,20,616,17,5,437,9,2,15,13,
288,4,20,1,3,67,725,17,152,7,41,
3,5,28,1,2,11,405,18,314,6,9,
475,25,38,6,275,26,53,38,318,823,11,
1,1,34,1,18,1,763,45,2,16,502,
1,671,26,31,38,2,674,14,319,20,552,
1,4,31,1,36,1,581,24,320,54,559,
47,6,36,14,34,58,453,15,268,125,51,
333,8,21,2,233,5,427,5,510,1,4,
334,5,40,1,1,6,181,31,195,125,1,
1,3,20,1,43,17,1125,42,243,21,4,
2,1,26,2,44,1,942,28,550,22,2,
3,1,37,6,36,52,988,38,5,3,50,
4,2,1,1,1,1,88,1,495,1,1,
5,6,66,9,1,45,1108,33,552,1,227,
5,1,23,3,2,1,467,57,78,2,228,
42,3,29,1,2,2,428,2,319,2,23,
18,1,67,4,61,3,19,57,475,31,226,
19,470,61,8,60,3,406,48,422,30,230,
20,3,3,1,58,3,270,27,14,21,500,
21,1,87,594,61,10,700,32,156,31,4,
22,2,16,1,846,35,288,56,361,30,94,
23,4,89,5,60,2,49,33,575,29,86,
24,3,90,3,62,11,310,46,763,32,207,
25,1,25,1,47,1,504,49,1013,32,143,
26,5,28,1,8,39,232,60,86,11,233,
1,6,33,1,4,1,26,7,213,12,273,
2,5,35,1,5,8,49,59,348,14,269,
2,4,40,3,7,1,369,58,43,8,216,
3,1,17,10,63,1,93,38,559,34,433,
4,2,20,14,11,1,426,37,11,24,432,
5,13,13,1,68,2,286,50,354,3,78,
6,20,19,41,35,8,394,30,555,10,256,
5,5,23,1,22,8,360,31,1,4,2,
6,5,72,1,40,1,239,36,1,20,1,
7,6,13,14,11,2,277,65,54,22,380,
20,5,102,26,1,2,534,68,41,1,1,
21,1,51,7,1,3,54,45,77,43,1,
22,3,42,612,1,1,208,16,556,1,212,
1,1,59,16,1,38,575,27,77,879,38,
190,65,6,3,2,2,558,75,557,1,9,
190,4,63,6,3,7,185,24,76,2,10,
452,3,14,14,4,1,94,1,120,2,1,
531,1,99,1,38,1,239,26,1011,29,181,
452,4,29,3,38,1,740,25,121,30,154,
1,1,72,2,1,1,22,31,482,2,1,
2,2,73,1,1,5,465,32,483,2,105,
293,5,6,1,3,1,500,52,4,4,128,
9,5,74,1,4,1,1160,47,484,6,109,
10,5,14,2,4,1,326,49,485,6,1,
13,5,8,38,297,1,130,42,224,1,264,
7,1,100,2,31,2,314,46,477,857,149,
14,637,5,34,32,2,79,35,481,24,26,
32,638,17,1,33,1,406,6,515,25,25,
42,4,15,18,35,1,238,25,479,26,348,
499,22,53,2,2,11,534,45,958,782,20,
19,4,56,1,4,1,220,40,3,3,32,
28,4,48,1,152,2,1067,18,1,1,23,
2,1,53,4,4,2,948,25,484,2,13,
1,19,45,10,5,3,154,37,485,788,90,
2,2,56,6,7,6,145,19,486,3,1,
3,1,58,22,9,2,234,34,487,5,44,
452,1,58,1,9,3,11,25,3,4,61,
1,1,43,1,10,2,73,35,486,5,58,
2,1,37,1,2,15,122,50,486,6,1,
3,2,14,1,6,1,245,16,635,7,9,
3,2,12,38,1,1,50,48,636,2,5,
18,3,46,3,8,1,27,19,487,3,99,
1,3,47,3,149,1,852,23,151,4,324,
1,4,31,30,9,1,67,60,1,5,84,
1,3,16,1,6,1,476,17,335,1,330,
1,4,7,1,13,1,277,55,2,13,456,
2,4,5,1,11,1,849,40,487,11,501,
3,4,7,1,6,2,29,39,887,1,40,
3,4,18,2,3,1,90,1,488,1,452,
4,4,14,860,2,1,39,40,275,400,51,
239,4,20,1,4,1,157,26,2,3,11,
2,4,43,1,5,1,231,40,507,1,2,
520,3,65,2,6,1,886,25,567,2,1,
1,1,11,1,6,1,213,12,146,1,1,
1,4,1,880,2,2,470,1,613,2,59,
1,1,26,2,3,3,46,42,278,397,43,
1,5,34,889,4,3,22,7,42,3,1,
24,1,49,1,14,1,136,44,614,12,70,
16,2,38,5,3,1,47,15,125,2,38,
1,3,21,29,4,2,298,47,338,3,26,
12,4,44,29,5,2,191,3,151,4,1,
13,4,24,2,4,2,158,46,334,781,38,
1,3,47,1,3,2,468,36,734,3,1,
1,4,26,1,11,6,300,32,574,9,4,
2,4,30,3,7,2,276,42,238,379,672,
2,4,17,60,1,8,646,36,575,1,31,
3,4,20,1,1,1,202,1,573,1,1,
509,4,53,1,1,2,359,36,491,1,30,
1,4,65,2,33,3,405,21,519,11,126,
2,4,68,1,32,3,823,37,2,9,621,
3,4,5,1,2,4,755,13,339,1,27,
8,4,51,1,3,1,604,60,170,2,10,
30,1,55,14,110,1,530,32,3,371,38,
3,313,59,16,5,2,634,35,154,3,133,
108,314,61,8,109,19,439,31,338,4,33,
463,5,82,8,5,11,184,59,336,4,29,
2,4,55,11,15,23,414,6,1,9,49,
132,1,59,6,16,18,750,15,155,10,120,
1,4,64,1,17,19,351,1,886,11,1,
1,1,67,1,18,1,436,52,1,12,141,
1,1,70,1,19,2,881,13,2,13,51,
1,3,72,2,757,3,140,83,493,44,139,
1,1,72,4,20,5,15,12,155,147,56,
1,4,73,1,21,9,75,11,886,14,81,
211,5,74,1,22,2,21,10,1,148,59,
212,3,38,2,2,3,293,47,340,4,1,
1,1,49,1,36,3,280,39,2,38,270,
11,499,57,1,35,2,351,28,252,28,441,
2,4,101,1,2,3,181,75,1,1,13,
2,4,42,3,774,3,19,70,1,35,126,
1,4,25,1,1,2,434,45,368,112,141,
1,5,29,2,2,2,628,38,528,1,135,
1,5,32,623,4,2,512,43,578,2,146,
1,4,49,337,5,9,901,4,242,3,1,
2,4,40,154,6,1,142,42,66,4,2,
2,4,38,3,6,1,104,17,585,1,1,
3,189,42,329,89,2,390,48,586,2,192,
18,37,48,1,7,8,877,16,587,3,153,
19,4,9,1,16,7,361,14,1,11,2,
2,4,9,5,15,1,832,11,286,10,62,
3,4,52,380,15,1,286,24,654,11,80,
2,196,55,78,16,1,310,23,655,12,139,
3,4,48,1,6,1,153,91,1038,4,1,
4,1,89,16,1,1,50,46,152,1,117,
3,3,8,69,308,1,560,86,656,19,1,
2,3,7,186,309,1,363,64,625,753,486,
483,4,55,9,93,1,507,48,657,19,112,
1,5,68,180,4,1,261,40,658,9,276,
2,4,72,4,36,1,7,8,659,15,263,
3,569,73,563,1,2,96,7,285,785,112,
4,1,74,1,10,3,73,6,317,790,661,
197,3,75,1,15,3,499,39,18,15,321,
198,4,36,1,35,3,123,65,501,12,115,
479,5,31,486,1,4,299,14,160,1,1,
1,5,20,3,2,61,112,39,510,2,2,
2,5,49,1,25,4,215,25,521,1,585,
19,6,40,1,8,57,504,84,18,6,1,
3,398,42,2,11,4,702,48,18,9,141,
14,5,46,1,6,60,445,35,17,4,33,
3,4,49,3,12,60,276,44,129,137,1,
4,3,52,1,13,49,134,60,286,10,328,
2,4,18,458,15,1,131,70,130,6,321,
9,5,19,49,23,2,596,46,131,31,295,
10,1,19,50,35,7,10,71,287,23,53,
1,2,48,1,2,1,662,38,507,2,1,
1,1,5,5,7,2,146,14,86,6,108,
2,2,35,14,1,3,356,37,508,1,1,
3,5,40,391,2,48,230,28,352,101,1,
3,1,44,4,101,49,577,27,509,1,69,
18,1,58,8,145,3,24,53,510,3,185,
4,379,35,1,18,48,606,61,156,9,103,
103,380,51,54,26,48,260,40,510,6,10,
104,381,26,2,1,2,322,10,166,1,32,
473,382,64,1,2,72,192,45,6,93,85,
474,4,30,40,3,40,95,9,600,2,81,
2,1,29,1,3,1,530,42,601,38,115,
2,1,66,1,15,1,892,22,14,5,2,
1,3,32,2,14,1,491,38,517,3,1,
2,1,19,2,34,2,379,23,370,12,318,
3,1,35,1,1,3,367,37,1,1,1,
98,5,30,2,1,3,195,39,1,1,5,
1,3,40,6,1,3,865,55,155,1,1,
1,3,55,3,1,48,381,33,362,1,1,
1,1,19,1,2,2,395,35,366,2,4,
1,2,7,2,3,23,101,57,367,3,6,
1,5,35,2,3,1,410,29,358,3,7,
1,7,38,2,4,1,322,30,256,4,1,
2,5,60,1,19,2,222,44,363,14,1,
3,7,34,1,18,2,14,39,1,14,1,
3,5,8,1,2,2,218,28,132,2,1,
239,5,16,1,25,2,65,28,368,26,723,
1,1,44,479,1,3,45,27,1,1,1,
1,4,21,2,1,53,397,8,369,1,1,
2,4,35,2,1,2,884,70,2,1,11,
226,4,41,8,114,3,877,47,370,195,15,
1,5,24,1,27,3,107,9,2,1,16,
1,3,17,2,3,23,779,11,366,5,19,
1,4,25,469,4,3,806,10,1,6,24,
2,1,48,1,1,4,777,50,530,68,12,
1,461,5,2,1,5,31,59,159,123,16,
1,463,50,7,1,5,820,35,531,124,1,
2,458,57,3,2,56,346,15,532,1,6,
2,461,36,6,2,4,578,9,374,1,1,
3,3,43,12,3,48,379,17,375,2,4,
231,1,55,1,28,1,132,36,3,21,2,
232,4,21,3,29,3,124,39,3,11,2,
353,3,19,2,141,4,138,3,3,1,2,
3,1,65,2,1,47,725,64,6,2,50,
4,1,37,1,2,3,279,41,2,3,1,
370,2,49,1,1,45,186,17,432,3,4,
467,5,7,1,12,1,92,7,347,4,213,
149,3,56,1,191,1,275,46,1,2,25,
194,3,29,1,17,2,57,42,348,20,1,
1,1,58,1,2,1,22,37,3,2,1,
2,2,24,16,9,2,765,40,160,7,2,
447,4,6,7,1,2,331,39,538,1,7,
448,19,63,1,1,2,719,40,539,1,1,
449,5,15,1,1,2,189,31,7,1,2,
453,1,49,1,1,17,541,62,7,1,1,
1,4,1,18,1,1,128,3,1,38,1,
2,5,21,1,1,2,35,33,379,1,2,
2,1,27,1,16,12,53,8,723,10,223,
20,2,30,2,15,31,155,7,379,9,336,
1,77,53,1,4,30,478,41,1,8,1,
1,4,27,1,1,1,162,18,246,1,3,
1,5,33,22,2,1,571,19,162,2,1,
1,10,33,1,2,19,458,38,355,2,1,
604,5,58,2,18,2,5,60,1,8,42,
2,2,55,75,1,8,284,34,1,1,1,
641,1,33,1,1,1,143,36,515,1,1,
2,1,11,4,1,1,109,21,542,1,1,
429,49,54,4,1,1,68,37,1,1,4,
467,1,4,1,2,1,578,7,1,2,5,
20,29,55,34,2,2,60,38,445,2,6,
252,1,16,1,48,1,142,59,233,69,10,
210,1,42,2,40,1,164,11,2,25,38,
3,1,26,15,39,1,585,3,79,24,41,
4,1,42,1,13,1,530,41,1,3,33,
28,1,30,2,1,1,630,46,1,37,6,
643,1,34,1,2,1,153,21,1,106,1,
63,1,58,5,8,1,391,36,1,16,1,
352,3,32,20,2,2,268,25,549,1,1,
647,2,38,2,3,2,85,11,550,2,6,
353,1,41,1,4,1,508,24,884,3,2,
433,1,30,1,39,1,417,57,107,22,45,
2,2,36,3,3,1,235,42,387,69,6,
532,1,9,11,2,1,213,1,2,2,1,
539,1,3,1,17,1,463,16,388,80,2,
530,1,7,1,30,1,17,36,2,22,47,
1,1,21,2,1,1,358,6,1,1,1,
1,1,23,4,2,1,365,26,1,2,4,
1,1,30,1,3,1,1015,34,390,3,7,
1,1,33,2,4,2,199,28,1,4,12,
413,1,17,16,30,2,542,35,164,9,1,
418,1,18,120,29,2,46,22,1,9,300,
1,2,34,1,27,2,553,27,390,8,306,
235,2,38,1,33,3,330,27,556,22,2,
233,1,22,4,1,1,159,34,1,1,2,
234,1,28,1,2,2,284,10,164,2,1,
2,1,8,2,3,2,455,22,391,3,4,
253,2,43,1,3,2,216,12,11,3,1,
265,2,10,1,53,36,380,68,567,28,9,
2,2,67,1,16,1,109,37,884,5,2,
22,2,20,16,2,2,223,45,165,25,649,
3,1,12,3,2,4,320,38,556,2,1,
264,1,40,6,9,2,621,14,166,2,1,
2,2,45,4,10,27,102,4,259,3,2,
412,3,41,10,1,32,398,55,1,35,8,
1,1,26,1,1,33,154,32,391,73,4,
188,1,23,1,2,1,189,32,976,1,1,
1,1,27,23,3,2,17,34,652,2,7,
26,1,43,3,3,2,443,27,261,1,1,
232,1,44,3,4,1,207,29,653,2,8,
227,1,54,1,59,1,861,25,386,29,171,
28,2,55,2,60,1,506,30,393,30,175,
29,3,39,10,22,1,593,27,166,6,621,
1,3,44,1,23,2,492,26,2,7,4,
1,3,4,1,2,2,244,13,97,2,1,
1,2,8,2,17,3,542,33,657,68,36,
127,2,30,1,8,3,120,1,658,17,1,
2,2,60,5,2,5,849,53,560,37,21,
2,3,26,8,1,3,490,8,166,1,1,
3,3,30,1,2,22,308,11,560,2,2,
4,4,33,32,3,5,362,12,547,3,5,
1,4,25,2,53,2,314,56,561,28,1,
369,3,18,6,54,17,377,27,170,29,3,
3,164,1,1,1,20,622,1,396,2,1,
83,3,23,17,1,1,36,20,563,1,1,
118,1,15,30,1,1,567,29,562,1,1,
1,5,54,7,1,2,40,35,561,1,1,
2,5,45,141,1,2,867,20,1,1,3,
373,5,48,6,2,3,105,21,166,1,4,
1,1,53,1,4,3,47,4,167,2,1,
97,2,28,1,6,4,122,46,563,3,9,
1,4,41,5,6,6,480,35,551,3,1,
684,4,38,12,41,2,85,41,167,21,1,
629,4,20,1,4,6,748,10,399,73,6,
317,3,53,2,1,11,395,28,3,1,1,
35,3,27,1,2,4,559,43,399,74,276,
207,3,10,6,271,6,172,23,400,13,351,
505,5,16,1,246,2,955,24,317,10,369,
2,672,1,1,1,1,179,1,57,1,1,
3,2,1,1,1,1,321,1,732,1,1,
2,1,1,1,1,2,193,2,397,1,3,
3,2,2,1,2,2,281,1,398,2,9,
289,3,3,1,5,2,318,2,880,5,1,
384,656,1,46,10,1,527,2,566,19,3,
1,4,2,2,1,1,190,1,567,1,1,
28,5,2,1,1,1,595,2,314,1,5,
1,6,3,1,2,3,241,2,1,2,7,
2,681,3,1,2,1,84,1,316,2,1,
1,341,3,2,3,2,360,3,1,3,8,
218,661,1,1,18,1,866,1,1,18,3,
2,4,1,1,11,2,897,3,569,9,332,
2,1,4,2,12,1,605,1,570,10,1,
1,2,14,1,20,1,563,7,884,17,1,
194,4,14,3,7,1,80,4,571,3,1,
1,5,7,3,8,1,18,10,2,40,409,
1,6,7,14,24,1,286,5,2,14,4,
20,421,3,1,31,1,204,7,405,20,1,
1,5,8,2,13,1,142,18,379,14,354,
624,5,56,73,2,1,543,53,1,1,244,
60,5,59,4,4,1,20,38,407,2,246,
1,5,54,1,3,1,350,26,457,6,554,
1,4,55,1,1,1,274,5,310,7,1,
659,29,56,4,1,1,408,28,406,8,557,
1,4,23,6,5,1,311,22,407,12,2,
639,4,3,2,1,1,601,1,408,1,1,
1,3,1,1,2,1,300,5,716,2,2,
2,3,1,2,2,1,386,2,1,2,44,
2,4,1,12,1,1,388,3,408,1,1,
1,4,3,1,1,1,21,1,716,1,3,
2,4,1,2,1,1,814,2,1,1,1,
2,4,10,3,1,4,459,4,407,1,511,
534,5,8,1,2,1,858,1,716,2,1,
168,6,1,1,2,1,366,4,110,2,1,
1,6,7,2,5,1,262,16,379,8,996,
526,1,30,1,447,1,440,53,519,14,23,
525,2,20,1,22,1,74,44,483,376,11,
528,3,12,2,1,2,395,66,147,4,5,
176,4,75,10,2,2,94,19,1,5,1,
177,5,58,3,17,2,14,64,582,15,2,
321,3,65,2,20,3,441,46,582,727,1,
403,2,66,1,19,23,302,68,888,7,370,
175,1,2,4,23,3,567,1,583,6,1,
464,3,17,1,10,4,377,68,308,22,140,
176,1,44,1,217,34,593,18,383,23,258,
1,2,7,1,14,2,529,4,200,13,1,
2,2,34,1,7,2,499,26,1,3,2,
2,34,6,1,2,2,430,26,306,2,1,
3,1,24,1,1,2,308,15,1,1,14,
4,1,21,1,1,17,335,31,12,1,1,
5,1,37,2,234,1,747,44,304,304,54,
320,1,16,1,1,1,23,27,1,2,1,
31,540,54,2,1,16,913,18,1,2,428,
4,1,18,1,29,2,799,10,1,16,2,
5,1,61,1,31,3,644,26,366,431,331,
6,1,66,38,30,4,524,32,525,17,3,
197,2,14,1,2,2,458,55,371,1,1,
2,783,17,350,24,4,347,55,736,20,1,
3,2,74,1,1,4,59,44,1,2,362,
4,2,75,1,117,4,118,43,420,3,369,
2,780,44,1,10,4,367,41,166,15,1,
2,1,54,9,2,19,329,3,5,364,1,
291,1,13,31,10,3,141,41,1,19,1,
1,2,9,1,1,17,517,38,599,1,1,
288,3,12,3,402,1,5,58,84,735,330,
2,4,101,2,276,1,202,54,297,1103,368,
289,768,48,1,3,1,354,26,600,2,1,
294,475,49,1,5,1,497,27,430,880,38,
3,3,50,6,1,2,28,36,232,44,1,
191,2,36,1,1,3,133,63,113,1,234,
3,3,52,1,1,3,410,43,169,1,1,
285,3,54,2,2,3,103,34,116,2,2,
365,2,7,1,65,4,907,27,3,2,196,
1,2,12,1,2,5,256,26,3,3,4,
2,791,17,13,66,7,40,25,654,4,6,
2,1,2,1,1,5,147,9,606,1,1,
3,2,32,2,20,1,505,10,9,27,4,
2,768,57,51,2,4,708,36,17,3,1,
3,2,50,36,19,1,475,29,1,19,1,
2,2,52,4,44,1,208,31,117,19,1,
239,3,44,1,1,1,35,8,457,1,1,
226,612,19,10,2,1,763,10,124,2,1,
2,1,7,34,36,2,412,2,604,22,1,
1,1,3,1,34,2,54,4,608,20,165,
83,1,24,7,1,2,751,14,105,1,154,
1,1,30,1,1,1,579,7,15,1,1,
197,1,15,3,10,2,36,48,168,48,1,
2,2,33,28,4,2,96,22,714,7,1,
283,4,37,2,5,4,183,10,715,8,963,
284,5,53,4,62,1,822,32,716,33,2,
184,6,60,10,46,1,787,24,273,27,1,
756,270,24,1,2,1,810,8,722,178,3,
1,3,25,3,3,2,274,15,440,1,1,
48,1,5,1,2,1,786,22,1,180,1,
683,1,9,1,3,1,726,48,375,181,2,
453,4,44,2,21,8,844,56,722,21,30,
128,3,14,2,1,1,129,26,32,1,1,
362,3,19,7,1,3,453,27,443,1,3,
368,3,43,1,56,3,140,51,389,30,2,
327,3,1,1,3,5,257,16,723,104,39,
1,3,7,1,1,2,403,43,719,3,1,
2,3,44,2,55,3,145,19,105,1,3,
326,2,45,4,1,9,728,7,221,2,1,
1,2,5,3,1,9,272,42,53,2,1,
30,1,39,1,1,13,548,49,614,1,1,
35,1,22,887,109,44,658,39,2,1,5,
35,563,30,10,9,1,724,59,615,6,1,
691,1,73,2,1,1,70,30,615,697,54,
3,1,2,11,1,2,277,6,109,1,542,
147,1,17,1,45,2,629,54,894,18,3,
367,1,8,1,1,3,202,5,1,1,1,
1,1,11,1,1,4,179,8,447,1,628,
1,1,14,1,1,3,211,16,337,32,1,
2,1,69,7,1,3,478,24,448,1,1,
2,2,38,3,2,10,81,57,153,2,2,
3,2,9,2,2,3,499,24,448,2,5,
12,1,60,1,1,59,782,46,375,186,582,
13,1,38,3,2,9,851,26,448,1,553,
2,1,61,28,176,29,219,55,263,2,63,
1,1,76,1,49,8,484,79,1,33,1,
1,570,41,1,1,9,579,16,585,1,1,
1,1,69,4,4,10,491,44,449,44,2,
525,1,72,21,5,16,170,17,1,12,3,
585,1,18,1,2,33,218,19,450,4,473,
353,1,47,31,4,1,238,27,172,6,1,
141,1,51,1,5,1,678,31,239,7,737,
141,1,22,1,1,2,162,34,1,222,1,
11,1,40,1,2,2,313,49,623,2,400,
2,1,28,1,2,2,239,38,307,2,432,
10,1,33,2,3,2,499,24,308,4,435,
3,2,38,7,296,2,560,25,358,6,439,
141,1,73,1,4,2,455,59,317,8,443,
2,1,58,330,298,20,431,33,782,8,13,
225,1,27,1,3,21,300,54,298,10,12,
1,1,59,44,4,1,642,5,153,11,1,
1,1,10,4,22,2,172,2,779,20,1,
1,1,20,31,25,1,14,50,780,20,2,
1,1,74,903,1,2,639,43,274,4,1,
2,1,8,2,4,2,145,27,113,5,1,
3,1,15,1,6,2,793,28,13,6,408,
3,1,36,2,4,3,726,52,172,782,408,
207,1,4,858,5,2,228,11,628,781,413,
34,1,25,1,3,3,47,40,894,2,412,
203,1,63,1,5,37,906,6,626,4,415,
204,1,47,5,10,3,94,35,457,791,9,
205,1,31,1,80,3,280,72,458,768,426,
799,1,54,5,2,3,1048,17,717,3,428,
1,1,22,1,6,3,43,75,1,9,24,
2,1,20,28,2,1,1065,39,41,3,1,
2,1,48,2,11,5,68,21,736,768,3,
3,1,34,18,1,1,681,17,628,1,1,
788,1,54,4,2,1,496,40,230,2,2,
188,1,30,14,2,2,799,33,109,2,4,
814,1,39,11,3,10,497,59,77,3,9,
4,489,25,1,40,1,340,51,1002,11,40,
161,1,55,3,3,7,302,16,32,2,2,
210,1,56,1,4,26,214,25,265,3,10,
1,1,42,4,39,1,535,44,459,46,385,
677,1,5,1,2,2,402,58,1,2,367,
1,1,12,1,45,1,594,27,1,26,1,
2,1,23,1,3,20,247,36,461,2,2,
20,1,11,531,1,2,316,13,461,1,111,
1,1,34,8,2,3,710,38,462,1,194,
1,1,30,1,4,3,27,29,2,2,302,
1,1,28,2,3,3,235,17,128,13,2,
233,1,29,2,1,4,83,16,1,12,338,
1,1,7,1,5,2,574,6,33,11,303,
1,1,6,1,1,2,629,48,98,2,1,
1,1,84,2,3,2,1026,55,486,9,718,
2,1,9,1,6,2,26,48,306,11,1,
471,1,8,2,8,3,1057,14,126,1,2,
1,2,16,25,1,1,405,17,625,780,6,
1,1,55,2,2,2,69,3,1,1,1,
75,1,45,1,4,2,319,34,1,2,1,
2,2,35,7,1,3,529,42,625,1,1,
1,3,66,1,2,2,527,65,15,25,61,
818,256,69,2,1,2,38,51,175,2,2,
166,3,37,1,1,2,669,74,663,2,1,
1,8,57,4,6,1,21,36,176,1,1,
1,4,26,1,4,1,71,27,442,41,481,
1,1,32,258,3,6,560,28,475,1,1,
1,2,34,1,2,1,89,59,1,1,1,
1,553,19,23,2,1,250,29,171,1,10,
1,550,23,2,4,1,437,31,475,2,14,
1,3,36,1,4,1,459,19,476,2,6,
1,1,43,15,6,1,78,20,1,5,1,
2,3,42,3,19,7,117,37,649,9,19,
2,3,44,1,20,1,769,19,3,10,25,
32,1,45,2,18,1,247,8,653,8,1,
1,6,17,10,4,1,42,32,647,4,1,
1,3,3,7,15,1,313,19,654,5,22,
1,2,49,1,2,1,160,32,7,1,1,
1,1,26,1,3,1,322,24,1,1,1,
1,5,44,1,2,1,277,10,243,1,1,
2,3,13,1,9,1,354,31,722,9,1,
105,1,8,4,19,1,34,15,92,2,184,
1,473,20,4,17,1,319,16,141,1,3,
1,2,9,1,16,2,323,45,336,1,682,
1,1,23,1,2,2,242,11,269,2,1,
1,2,26,2,3,2,406,10,830,3,10,
1,2,33,9,13,1,166,32,831,35,1,
1,1,32,2,2,2,676,32,766,2,13,
1,1,37,1,58,1,642,32,1033,29,2,
1,1,20,1,1,1,192,40,896,1,1,
1,1,26,1,1,15,128,8,3,1,1,
1,1,3,2,1,18,85,3,3,1,4,
1,1,1,2,1,1,8,3,2,1,299,
1,1,4,1,2,1,224,1,281,3,3,
98,1,5,1,3,1,580,2,238,4,2,
1,1,3,1,3,1,503,2,896,5,1,
725,1,74,5,12,1,758,60,658,16,234,
757,1,75,3,11,1,169,32,897,15,1,
1,1,76,2,10,1,560,51,898,14,239,
721,1,6,2,1,1,538,61,1,1,1,
2,1,42,1,2,1,514,19,98,2,762,
712,2,70,3,2,1,361,18,583,2,1,
1,2,40,1,3,1,208,2,584,3,783,
644,3,43,1,12,1,219,14,759,16,1,
1,2,17,2,4,1,302,12,760,1,1,
173,1,6,2,8,1,744,8,487,5,1,
114,5,4,2,12,1,567,7,486,4,207,
1,5,8,1,11,1,147,8,725,5,203,
1,3,6,3,14,10,694,8,488,1,695,
1,1,12,1,1,1,545,9,283,1,707,
526,2,9,1,18,1,394,5,725,20,1,
2,4,13,1,2,1,681,5,652,2,1,
1,5,12,2,6,2,126,8,487,10,1,
14,5,20,34,1,1,772,13,256,1,7,
486,1,14,5,1,1,128,12,489,1,1,
15,1,19,1,1,1,623,15,2,1,2,
418,1,10,2,1,1,669,7,9,1,1,
80,1,13,1,1,1,630,32,491,1,358,
81,1,56,2,1,4,710,60,492,1,635,
1,1,19,4,2,4,809,11,25,2,1,
663,1,99,1,1,5,597,26,232,1,1,
185,1,45,2,1,4,21,55,492,1,122,
1,1,4,1,2,5,339,2,724,2,1,
1,1,1,1,1,6,148,5,270,1,809,
508,1,67,1,49,7,758,39,232,35,33,
1,1,34,2,16,6,786,25,1,15,4,
1,1,11,1,1,4,348,12,473,44,29,
1,1,7,2,1,3,155,3,1,1,1,
2,1,8,1,1,4,198,14,463,44,1,
587,1,10,1,1,1,217,8,414,1,1,
2,1,6,5,1,1,295,3,1,1,1,
535,706,11,1,1,2,454,3,1,1,1,
2,1,13,3,1,1,820,10,1,1,1,
496,866,15,1,1,1,110,6,225,1,1,
618,1,5,1,2,2,929,11,225,2,46,
1,616,2,3,2,2,542,8,501,2,1,
189,1,1,5,1,1,472,1,502,1,1,
521,1,1,1,1,1,575,1,503,1,1,
152,1,4,1,68,2,704,1,225,36,1,
1,1,1,1,1,2,347,3,17,1,2,
146,178,2,1,1,1,286,1,224,1,1,
190,2,4,1,3,2,307,3,225,2,2,
1,367,3,1,53,1,492,2,225,20,1,
1,3,1,3,1,1,2,1,504,1,1,
1,2,1,1,1,1,20,1,730,1,3,
1,2,1,2,1,1,728,1,505,1,1,
140,1,1,1,1,2,319,1,1,1,1,
85,1,1,3,1,2,149,1,53,1,4,
1,863,1,1,1,3,115,1,224,1,1,
2,2,1,2,1,3,140,1,1,1,3,
3,1,2,1,1,4,110,1,224,1,1,
4,583,1,1,1,8,214,3,224,1,3,
4,1,4,5,1,4,613,3,1,1,1,
90,1,2,1,1,1,75,1,1,1,3,
1,1,2,1,1,6,177,4,1,1,1,
1,2,8,1,45,7,92,7,1,23,104,
1,2,43,1,1,7,420,47,1,1,1,
1,5,58,6,1,1,1,30,1,1,1,
1,3,15,1,21,1,503,25,1,11,4,
1,3,53,4,3,3,902,49,1,1,1,
1,1,27,1,2,3,922,9,1,1,4,
1,1,9,1,1,2,588,70,46,1,1,
451,3,58,1,6,3,278,29,215,8,1,
473,4,39,2,2,1,101,36,421,35,719,
1,674,29,1,2,1,548,35,215,2,1,
252,1,18,2,2,3,606,29,649,2,716,
206,1,28,1,2,1,150,39,520,2,2,
1,1,21,31,1,1,181,33,249,1,1,
1,2,4,1,6,3,375,14,111,13,699,
1,6,11,3,8,1,814,32,1,14,701,
1,7,22,8,57,1,70,30,1,21,645,
1,8,64,1,58,1,126,8,294,22,2,
1,627,78,10,1,1,439,62,234,300,425,
1,3,58,1,1,1,504,46,529,1,701,
1,1,12,9,1,1,424,28,773,1,3,
350,647,52,3,1,1,71,38,524,29,1,
683,3,11,2,40,1,861,18,245,1,3,
368,3,59,1,2,1,598,17,1,1,5,
1,1,60,1,4,1,345,18,707,2,1,
1,2,13,17,3,1,321,25,708,2,1,
1,2,19,9,8,1,262,43,709,11,205,
4,2,23,27,4,1,410,3,93,2,689,
1,2,41,1,1,1,155,25,209,1,63,
1,2,32,1,1,1,125,28,274,1,1,
1,2,31,1,2,1,161,31,71,1,1,
1,2,44,1,2,1,348,36,206,1,1,
155,2,23,2,2,1,30,36,602,1,1,
1,688,36,2,2,1,506,29,1,1,182,
956,674,29,8,37,1,479,21,1,23,1,
1,1,23,1,2,2,113,10,1,2,4,
1,2,30,1,4,2,106,13,594,3,10,
1,657,11,1,6,1,989,50,2,4,181,
160,653,34,1,8,1,135,2,2,5,1,
516,3,34,1,7,2,432,19,2,4,2,
1,1,15,2,37,3,360,17,217,27,3,
379,2,10,2,2,3,541,16,1,1,7,
752,1,10,1,1,5,1071,8,1,1,1,
1,669,6,2,1,1,577,11,198,1,2,
351,4,18,1,1,1,142,9,198,1,1,
1,1,1,1,1,1,947,1,1,3,1,
426,1,1,3,1,2,1068,1,1,2,1,
607,2,1,1,1,2,409,1,197,1,2,
1,5,1,74,1,1,783,1,310,1,1,
444,4,69,1,1,1,1067,18,293,1,348,
1,4,14,3,1,1,252,7,544,1,1,
1,1,8,1,1,2,103,11,119,1,2,
316,107,7,1,1,2,867,6,196,1,1,
1,675,24,1,1,2,305,13,1,1,1,
885,669,23,4,1,6,72,17,1,1,1,
754,5,3,1,1,2,25,42,1,1,1,
528,5,35,2,1,3,360,31,1,1,1,
313,5,58,3,38,5,69,34,1,26,59,
878,1,7,1,1,6,248,5,1,1,351,
873,2,59,1,4,10,817,35,380,4,1,
1,652,24,1,1,1,20,12,136,1,1,
751,4,25,1,1,2,818,23,190,1,1,
3,5,11,2,1,3,842,28,1,1,3,
4,667,4,5,1,4,162,6,1,1,125,
112,4,3,1,1,5,136,4,330,1,1,
113,4,7,1,1,25,265,8,1,43,194,
2,4,14,2,1,4,462,10,1,1,1,
112,4,7,1,1,18,25,6,1,1,1,
1,3,3,1,1,3,493,1,467,1,5,
1,1,4,1,1,4,800,5,184,1,3,
1,2,16,2,1,19,479,13,535,1,3,
1,2,5,3,31,15,299,11,1,20,2,
1,470,1,1,1,1,434,1,1,1,1,
1,5,75,1,1,1,149,45,697,1,259,
1,4,35,1,1,2,229,41,181,1,1,
1,1,27,2,1,2,30,40,185,73,41,
1,1,18,1,1,3,84,27,610,1,1,
1,1,19,1,1,16,67,16,208,1,1,
1,704,30,3,197,1,44,37,219,1,28,
77,623,46,1,42,2,1014,49,178,26,87,
464,148,13,2,1,8,798,37,1,1,1,
282,3,45,5,3,1,872,34,857,3,8,
2,2,48,1,4,1,366,24,504,4,1,
2,1,8,1,15,1,472,45,667,23,2,
1,700,8,1,15,1,299,25,177,23,1,
2,2,9,2,16,1,654,24,413,24,2,
371,1,40,1,2,1,166,30,179,2,1,
1,162,51,3,15,1,386,69,570,23,127,
1,2,1,4,1,1,351,1,608,2,1,
2,1,1,2,1,1,177,1,609,2,3,
487,1,1,1,1,1,377,1,178,2,1,
1,625,27,2,2,2,296,25,1,1,1,
1,1,25,1,2,5,803,12,178,1,1,
1,2,1,1,1,10,414,1,180,2,1,
78,2,1,2,1,1,51,1,1,1,1,
1,4,1,1,1,2,77,1,180,1,1,
218,4,21,3,4,2,82,18,1,1,1,
3,2,51,1,1,1,520,37,27,1,711,
2,2,19,1,1,1,1072,30,180,1,1,
1,1,8,1,4,2,226,10,1,2,1,
1,1,12,2,4,3,158,21,1,2,1,
383,1,10,1,1,3,170,4,183,1,1,
1,1,30,4,2,1,439,9,223,2,1,
190,2,1,1,1,1,58,1,182,1,1,
1,3,51,2,1,1,757,32,1,1,1,
1,1,22,1,2,1,704,31,1,2,2,
889,1082,6,1,1,1,11,3,104,2,1,
686,1,3,1,1,1,257,5,699,2,1,
1,897,12,3,1,1,35,3,1,2,54,
1,2,23,1,1,1,141,19,182,2,1,
1,1,49,1,6,1,522,25,1,3,1,
1,3,48,1,3,1,20,49,1,2,1,
1,619,10,1,1,2,120,41,1,1,2,
1,1,34,1,1,2,220,18,188,1,1,
1,1116,1,2,1,3,166,1,1,1,1,
1,1115,1,1,1,4,204,1,1,1,1,
83,1091,1,2,1,2,572,1,1,1,1,
1,1089,1,5,1,3,666,1,1,1,1,
1,1,1,1,1,1,585,1,185,1,4,
1,1,1,1,1,1,51,1,185,1,1,
1,2,1,2,1,1,826,1,1,1,3,
1,2,1,1,1,1,687,1,294,1,1,
1,1,1,1,1,1,833,1,1,1,1,
1,1,65,1,1,1,531,25,1,1,1,
1,997,3,1,1,1,693,42,188,1,1,
186,1,1,2,1,1,146,1,1,1,1,
1,633,1,3,1,1,124,1,1,1,1,
1,1095,16,1,1,1,558,3,1,1,1,
1,1,21,1,1,1,18,18,1,1,3,
1,1130,39,5,1,1,380,39,595,1,1,
1,993,22,1,1,1,497,32,523,2,4,
1,1,43,2,1,1,159,35,780,1,1,
1,1019,20,1,1,1,613,21,1,1,3,
1,983,27,2,1,1,264,12,187,1,1,
1,938,1,1,1,1,15,1,1,1,1,
1,1,1,2,1,2,558,1,1,1,1,
1,1,1,1,1,1,256,1,1,1,1,
369,932,1,9,1,1,88,1,1,2,1,
714,939,1,4,1,1,1,1,1,2,1,
1,1,1,1,1,1,376,1,1,2,1,
1,932,1,1,1,1,677,1,1,2,1,
1,899,1,1,1,1,877,1,181,2,1,
1,785,1,1,1,1,590,1,342,1,1,
112,744,1,2,1,1,17,1,1,2,1,
1,721,31,1,1,1,181,39,1,1,919,
2,1,60,2,1,1,675,38,180,1,1,
2,1,33,2,1,1,223,40,314,1,1,
1,724,47,1,1,1,338,22,2,1,1,
1,720,20,2,1,1,605,28,1,1,3,
1122,2,25,1,2,1,749,29,178,2,1,
5,3,54,1,2,1,586,44,774,2,1,
1,744,39,1,4,1,462,30,182,5,1,
1,2,23,1,1,1,654,41,1,2,1,
1102,1,30,1,1,1,444,22,1,1,1,
929,1,1,1,1,1,201,1,776,1,1,
1,712,1,1,1,1,342,1,667,1,1,
1,1,1,1,1,1,290,1,1,1,1,
1,651,39,1,2,1,235,21,189,1,1,
1,658,11,2,1,1,7,12,1,1,1,
801,1,33,1,1,1,176,17,408,1,977,
1,567,1,1,1,1,866,1,1,1,1,
