Normal,Gorder,RCM,Rabbit,Grappolo,Slashburn
1,69,1,72,1,2
2,504,2,23,2,445
3,1155,1,179,3,620
4,1156,3,82,4,938
5,1157,4,190,5,962
6,1158,5,150,6,979
7,1258,6,266,7,995
8,1288,7,231,8,1053
9,1289,8,69,9,1063
10,1290,9,22,10,1092
11,1298,10,148,11,1107
12,1302,11,81,12,1219
13,1320,12,187,13,1929
14,1330,13,149,14,2132
15,1331,14,265,15,2133
16,1335,15,230,16,2134
17,1336,16,68,17,2135
18,1337,17,21,18,2136
19,1338,18,176,19,2137
20,1339,19,80,20,2138
21,1340,20,185,21,2139
22,1341,21,177,22,2140
23,1343,22,184,23,2141
24,1344,23,85,24,2142
25,1345,24,197,25,2143
26,1347,25,153,26,2144
27,1348,26,269,27,2145
28,1349,27,234,28,2146
29,1350,28,74,29,2147
30,1351,29,25,30,2148
31,1352,30,182,31,2149
32,1353,31,84,32,2150
33,1357,32,232,33,2151
34,1358,33,1,34,2152
35,1359,34,152,35,2153
36,1360,35,268,36,2154
37,1361,36,233,37,2155
38,1362,37,73,38,2156
39,1363,38,24,39,2157
40,1364,39,181,40,2158
41,1365,40,83,41,2159
42,1366,41,193,42,2160
43,1367,42,151,43,2161
44,1368,43,267,44,2162
45,1369,44,66,45,2163
46,1370,45,178,46,2164
47,1371,46,145,47,2165
48,1372,47,261,48,2166
49,1373,48,226,49,2167
50,1374,49,59,50,2168
51,1375,50,17,51,2169
52,1376,51,169,52,2170
53,1377,52,76,53,2171
54,1378,53,175,54,2172
55,1379,54,143,55,2173
56,1380,55,15,56,2174
57,1381,56,225,57,2175
58,1382,57,55,58,2176
59,1383,58,16,59,2177
60,1384,59,168,60,2178
61,1386,60,75,61,2179
62,1387,61,174,62,2180
63,1388,62,141,63,2181
64,1389,63,259,64,2182
65,1390,64,224,65,2183
66,1391,65,53,66,2184
67,1392,66,260,67,2185
68,1393,67,2,68,2186
69,1394,68,264,69,2187
70,1395,69,3,306,2188
71,1396,70,229,70,2189
72,1397,71,67,71,2190
73,1398,72,20,72,2191
74,1399,73,173,73,2192
75,1400,74,79,74,2193
76,1401,75,183,75,2194
77,1402,76,147,76,2195
78,1403,77,263,77,2196
79,1404,78,228,78,2197
80,1405,79,77,79,2198
81,1406,80,19,80,2199
82,1407,81,172,81,2200
83,1408,82,78,82,2201
84,1409,83,180,83,2202
85,1410,84,146,84,2203
86,1411,85,262,85,2204
87,1412,86,195,86,2205
88,1413,87,65,87,2206
89,1414,88,1066,307,2207
90,1415,89,18,88,2208
91,1416,90,171,89,2209
92,1417,91,88,90,2210
93,1418,92,243,91,2211
94,1419,93,104,92,2212
95,1423,94,34,93,2213
96,1424,95,198,94,2214
97,1425,96,93,95,2215
98,1426,97,208,96,2216
99,1427,98,163,97,2217
100,1428,99,277,98,2218
101,1429,100,242,99,2219
102,1430,101,194,100,2220
103,1431,102,33,101,2221
104,1432,103,196,102,2222
105,1433,104,92,103,2223
106,1435,105,207,104,2224
107,1436,106,161,105,2225
108,1437,107,276,106,2226
109,1438,108,241,107,2227
110,1439,109,102,108,2228
111,1440,110,32,109,2229
112,1441,111,106,110,2230
113,1442,112,280,111,2231
114,1443,113,245,112,2232
115,1444,114,36,113,2233
116,1445,115,202,114,2234
117,1446,116,278,115,2235
118,1447,117,96,116,2236
119,1448,118,210,117,2237
120,1449,119,165,118,2238
121,1450,120,279,119,2239
122,1451,121,244,120,2240
123,1452,122,105,121,2241
124,1453,123,35,122,2242
125,1454,124,200,123,2243
126,1455,125,95,124,2244
127,1456,126,209,125,2245
128,1457,127,103,126,2246
129,1458,128,164,127,2247
130,1459,129,189,128,2248
131,1460,130,159,129,2249
132,1461,131,203,130,2250
133,1462,132,156,131,2251
134,1463,133,272,132,2252
135,1464,134,237,133,2253
136,1465,135,97,134,2254
137,1466,136,28,135,2255
138,1467,137,188,136,2256
139,1468,138,87,137,2257
140,1469,139,201,138,2258
141,1470,140,26,139,2259
142,1471,141,271,140,2260
143,1472,142,236,141,2261
144,1473,143,94,142,2262
145,1474,144,27,143,2263
146,1475,145,186,144,2264
147,1476,146,86,145,2265
148,1477,147,199,146,2266
149,1478,148,154,147,2267
150,1479,149,270,148,2268
151,1480,150,235,149,2269
152,1481,151,98,150,2270
153,1482,152,155,151,2271
154,1483,153,91,152,2272
155,1484,154,206,153,2273
156,1485,155,160,154,2274
157,1486,156,275,155,2275
158,1487,157,240,156,2276
159,1488,158,101,157,2277
160,1489,159,31,158,2278
161,1490,160,192,159,2279
162,1491,161,90,160,2280
163,1492,162,205,161,2281
164,1493,163,29,162,2282
165,1494,164,274,163,2283
166,1495,165,239,164,2284
167,1496,166,100,165,2285
168,1497,167,30,166,2286
169,1498,168,191,167,2287
170,1499,169,89,168,2288
171,1500,170,204,169,2289
172,1501,171,158,170,2290
173,1502,172,273,171,2291
174,1503,173,238,172,2292
175,1504,174,99,173,2293
176,1505,175,227,174,2294
177,1506,176,45,175,2295
178,1507,177,9,176,2296
179,1508,178,125,177,2297
180,1509,179,170,178,2298
181,1510,180,61,179,2299
182,1511,181,139,180,2300
183,1512,182,115,181,2301
184,1513,183,253,182,2302
185,1514,184,218,183,2303
186,1515,185,44,184,2304
187,1516,186,8,185,2305
188,1517,187,112,186,2306
189,1518,188,60,187,2307
190,1519,189,138,188,2308
191,1520,190,113,189,2309
192,1521,191,252,190,2310
193,1522,192,217,191,2311
194,1523,193,43,192,2312
195,1524,194,7,193,2313
196,1525,195,122,194,2314
197,1526,196,58,195,2315
198,1527,197,137,196,2316
199,1528,198,124,197,2317
200,1529,199,128,198,2318
201,1530,200,64,199,2319
202,1531,201,144,200,2320
203,1532,202,123,201,2321
204,1533,203,256,202,2322
205,1534,204,221,203,2323
206,1535,205,47,204,2324
207,1536,206,11,205,2325
208,1537,207,127,206,2326
209,1538,208,63,207,2327
210,1539,209,219,208,2328
211,1540,210,121,209,2329
212,1541,211,255,210,2330
213,1542,212,220,211,2331
214,1543,213,46,212,2332
215,1544,214,10,213,2333
216,1545,215,1055,429,2334
217,1546,216,126,214,2335
218,1547,217,62,215,2336
219,1548,218,140,216,2337
220,1549,219,118,217,2338
221,1550,220,254,218,2339
222,1551,221,41,219,2340
223,1552,222,134,220,2341
224,1553,223,109,221,2342
225,1554,224,248,222,2343
226,1555,225,213,223,2344
227,1556,226,39,224,2345
228,1557,227,3,225,2346
229,1558,228,116,226,2347
230,1559,229,52,227,2348
231,1560,230,133,228,2349
232,1561,231,108,229,2350
233,1562,232,1,230,2351
234,1563,233,212,231,2352
235,1564,234,38,232,2353
236,1565,235,2,233,2354
237,1566,236,114,234,2355
238,1567,237,51,235,2356
239,1568,238,131,236,2357
240,1569,239,107,237,2358
241,1570,240,246,238,2359
242,1571,241,211,239,2360
243,1572,242,37,240,2361
244,1573,243,247,241,2362
245,1574,244,251,242,2363
246,1575,245,914,243,2364
247,1576,246,216,244,2365
248,1577,247,42,245,2366
249,1578,248,6,246,2367
250,1579,249,120,247,2368
251,1580,250,57,248,2369
252,1581,251,136,249,2370
253,1582,252,111,250,2371
254,1583,253,250,251,2372
255,1584,254,215,252,2373
256,1585,255,54,253,2374
257,1586,256,5,254,2375
258,1587,257,119,255,2376
259,1588,258,56,256,2377
260,1589,259,135,257,2378
261,1590,260,110,258,2379
262,1591,261,249,259,2380
263,1592,262,214,260,2381
264,1593,263,40,261,2382
265,1594,264,4,262,2383
266,1595,265,117,263,2384
267,1596,266,142,264,2385
268,1597,267,50,265,2386
269,1598,268,14,266,2387
270,1599,269,162,267,2388
271,1600,270,71,268,2389
272,1601,271,167,269,2390
273,1602,272,132,270,2391
274,1603,273,258,271,2392
275,1604,274,223,272,2393
276,1605,275,49,273,2394
277,1606,276,13,274,2395
278,1607,277,129,275,2396
279,1608,278,70,276,2397
280,1609,279,166,277,2398
281,1610,280,130,278,2399
282,1611,281,257,279,2400
283,1612,282,222,280,2401
284,1613,283,48,281,2402
285,1614,284,12,282,2403
286,1615,285,157,283,2404
287,1616,286,284,849,2405
254,1617,256,908,1430,2406
221,1618,221,2042,2040,2407
220,1619,218,1225,197,2408
221,1620,230,1050,199,2409
201,1621,199,162,196,2410
74,1622,72,173,74,2411
41,1623,41,1198,606,2412
43,1624,43,1130,1865,2413
42,1625,44,5,1221,2414
5,1626,4,65,216,2415
6,1627,5,159,235,2416
7,1628,6,148,214,2417
8,1629,7,161,212,2418
9,1630,8,68,209,2419
10,1631,9,171,207,2420
11,1632,10,127,204,2421
12,1633,11,406,202,2422
13,1634,12,296,200,2423
14,1635,14,49,198,2424
15,1636,15,8,196,2425
16,1637,16,156,193,2426
17,1638,17,67,191,2427
18,1639,18,292,189,2428
19,1640,19,123,187,2429
20,1641,20,405,185,2430
21,1642,21,294,183,2431
22,1643,22,47,181,2432
23,1644,23,7,179,2433
24,1645,24,154,177,2434
25,1646,25,66,175,2435
26,1647,26,164,173,2436
27,1648,27,122,171,2437
28,1649,28,404,169,2438
29,1650,29,41,167,2439
30,1651,30,149,165,2440
31,1652,31,109,163,2441
32,1653,32,397,161,2442
33,1654,33,275,159,2443
34,1655,34,36,157,2444
35,1656,35,3,233,2445
36,1657,36,133,231,2446
37,1658,37,61,229,2447
38,1659,38,140,227,2448
39,1660,39,105,225,2449
40,1661,40,1,223,2450
41,1662,41,273,221,2451
42,1663,42,34,219,2452
43,1665,43,2,217,2453
44,1666,44,119,215,2454
45,1667,45,60,213,2455
46,1668,46,137,211,2456
47,1675,47,103,210,2457
48,1679,48,395,208,2458
49,1686,49,267,206,2459
50,1687,50,32,205,2460
51,1688,51,1,203,2461
52,1689,52,396,201,2462
53,1690,53,400,199,2463
54,1691,54,285,197,2464
55,1692,55,43,195,2465
56,1693,56,6,194,2466
57,1694,57,144,192,2467
58,1695,58,64,190,2468
59,1696,59,151,188,2469
60,1697,60,114,186,2470
61,1698,61,399,184,2471
62,1699,62,281,182,2472
63,1700,63,62,180,2473
64,1701,64,5,178,2474
65,1702,65,142,176,2475
66,1703,66,63,174,2476
67,1704,67,147,172,2477
68,1705,68,110,170,2478
69,1706,69,398,168,2479
70,1707,70,278,166,2480
71,1708,71,39,164,2481
72,1709,72,4,162,2482
73,1710,73,125,160,2483
74,1711,74,439,158,2484
75,1712,75,29,156,2485
76,1713,76,363,155,2486
77,1714,77,150,154,2487
78,1715,78,44,153,2488
79,1716,79,295,152,2489
80,1717,80,146,151,2490
81,1718,81,298,150,2491
82,1719,82,226,149,2492
83,1720,83,438,148,2493
84,1721,84,362,147,2494
85,1722,85,165,146,2495
86,1723,86,42,145,2496
87,1724,87,290,144,2497
88,1725,88,153,143,2498
89,1726,89,293,142,2499
90,1727,90,224,141,2500
91,1728,91,437,140,2501
92,1729,92,361,139,2502
93,1730,93,143,138,2503
94,1731,94,40,137,2504
95,1732,95,288,136,2505
96,1733,96,145,135,2506
97,1734,97,170,134,2507
98,1735,98,48,133,2508
99,1736,99,302,132,2509
100,1737,100,173,131,2510
101,1738,101,311,130,2511
102,1739,102,241,129,2512
103,1740,103,441,128,2513
104,1741,104,366,127,2514
105,1742,105,155,126,2515
106,1743,106,46,125,2516
107,1744,107,227,124,2517
108,1745,108,169,123,2518
109,1746,109,309,122,2519
110,1747,110,232,121,2520
111,1748,111,440,120,2521
112,1749,112,364,119,2522
113,1750,113,152,118,2523
114,1751,114,45,117,2524
115,1752,115,297,116,2525
116,1753,116,167,115,2526
117,1754,117,304,114,2527
118,1755,118,435,113,2528
119,1756,119,280,112,2529
120,1757,120,118,111,2530
121,1758,121,284,110,2531
122,1759,122,212,109,2532
123,1760,123,433,108,2533
124,1761,124,357,107,2534
125,1762,125,136,106,2535
126,1763,126,33,105,2536
127,1764,127,270,104,2537
128,1765,128,117,103,2538
129,1766,129,355,102,2539
130,1767,130,210,101,2540
131,1768,131,432,100,2541
132,1769,132,356,99,2542
133,1770,133,134,98,2543
134,1771,134,31,97,2544
135,1772,135,265,96,2545
136,1773,136,115,95,2546
137,1774,137,279,94,2547
138,1775,138,208,93,2548
139,1776,139,431,92,2549
140,1777,140,282,91,2550
141,1778,141,291,90,2551
142,1779,142,219,89,2552
143,1780,143,436,88,2553
144,1781,144,360,87,2554
145,1782,145,141,86,2555
146,1784,146,38,85,2556
147,1785,147,286,84,2557
148,1786,148,130,83,2558
149,1787,149,289,82,2559
150,1788,150,216,81,2560
151,1789,151,35,80,2561
152,1790,152,359,79,2562
153,1791,153,139,78,2563
154,1792,154,37,77,2564
155,1793,155,283,76,2565
156,1794,156,135,75,2566
157,1795,157,287,74,2567
158,1796,158,214,73,2568
159,1797,159,434,72,2569
160,1798,160,358,71,2570
161,1799,161,138,70,2571
162,1800,162,188,69,2572
163,1801,163,446,68,2573
164,1802,164,57,67,2574
165,1803,165,320,66,2575
166,1804,166,199,65,2576
167,1805,167,330,64,2577
168,1806,168,271,63,2578
169,1807,169,449,62,2579
170,1808,170,378,61,2580
171,1809,171,187,60,2581
172,1810,172,325,59,2582
173,1811,173,318,58,2583
174,1812,174,195,57,2584
175,1813,175,329,56,2585
176,1814,176,262,55,2586
177,1815,177,448,54,2587
178,1816,178,377,53,2588
179,1817,179,183,52,2589
180,1818,180,55,51,2590
181,1819,181,316,50,2591
182,1820,182,197,49,2592
183,1821,183,193,48,2593
184,1822,184,381,47,2594
185,1823,185,460,46,2595
186,1824,186,59,45,2596
187,1825,187,326,44,2597
188,1826,188,203,43,2598
189,1827,189,333,42,2599
190,1828,190,276,41,2600
191,1829,191,379,40,2601
192,1830,192,451,39,2602
193,1831,193,380,38,2603
194,1832,194,191,37,2604
195,1833,195,58,36,2605
196,1834,196,323,35,2606
197,1835,197,200,34,2607
198,1836,198,269,33,2608
199,1837,199,450,32,2609
200,1838,200,56,31,2610
201,1839,201,331,30,2611
202,1840,202,310,29,2612
203,1841,203,180,28,2613
204,1842,204,317,27,2614
205,1843,205,249,26,2615
206,1844,206,444,25,2616
207,1845,207,373,24,2617
208,1846,208,168,23,2618
209,1847,209,459,22,2619
210,1848,210,51,21,2620
211,1849,211,308,20,2621
212,1850,212,177,19,2622
213,1851,213,370,18,2623
214,1852,214,243,17,2624
215,1853,215,443,16,2625
216,1854,216,372,15,2626
217,1855,217,163,14,2627
218,1856,218,50,13,2628
219,1857,219,306,12,2629
220,1858,220,175,11,2630
221,1859,221,313,10,2631
222,1860,222,239,9,2632
223,1861,223,442,8,2633
224,1862,224,315,7,2634
225,1863,225,259,6,2635
226,1864,226,457,5,2636
227,1865,227,447,4,2637
228,1866,228,376,3,2638
229,1867,229,179,2,2639
230,1868,230,54,1,2640
231,1869,231,314,1,2641
232,1870,232,189,2,2642
233,1871,233,321,3,2643
234,1872,234,258,4,2644
235,1873,235,52,5,2645
236,1874,236,375,7,2646
237,1875,237,181,8,2647
238,1876,238,53,12,2648
239,1877,239,312,14,2649
240,1878,240,185,16,2650
241,1879,241,319,20,2651
242,1880,242,2,22,2652
243,1881,2,252,24,2653
244,1882,243,445,26,2654
245,1883,244,374,28,2655
246,1884,245,300,30,2656
247,1885,246,172,32,2657
248,1886,247,242,33,2658
249,1887,248,182,34,2659
250,1888,249,417,36,2660
251,1889,250,341,38,2661
252,1890,251,94,40,2662
253,1891,252,16,42,2663
254,1892,253,222,44,2664
255,1893,254,79,46,2665
256,1894,255,240,47,2666
257,1895,256,178,50,2667
258,1896,257,14,52,2668
259,1897,258,340,54,2669
260,1898,259,95,57,2670
261,1899,260,15,59,2671
262,1900,261,220,61,2672
263,1901,262,77,63,2673
264,1902,263,237,65,2674
265,1903,264,176,67,2675
266,1904,265,415,69,2676
267,1910,266,339,72,2677
268,1913,267,87,73,2678
269,1914,268,416,76,2679
270,1915,269,344,78,2680
271,1916,270,100,1259,2681
272,1917,271,19,79,2682
273,1918,272,231,81,2683
274,1919,273,85,82,2684
275,1920,274,246,88,2685
276,1921,275,186,90,2686
277,1922,276,419,92,2687
278,1923,277,343,94,2688
279,1924,278,81,95,2689
280,1925,279,18,99,2690
281,1926,280,229,101,2691
282,1927,281,83,102,2692
283,1928,282,244,104,2693
284,1929,283,184,106,2694
285,1930,284,418,108,2695
286,1931,285,342,112,2696
287,1932,286,97,114,2697
288,1933,287,17,116,2698
289,1934,288,225,118,2699
290,1935,289,233,120,2700
291,1936,290,78,122,2701
292,1937,291,11,124,2702
293,1938,292,213,126,2703
294,1939,293,71,127,2704
295,1940,294,228,131,2705
296,1941,295,160,133,2706
297,1942,296,411,134,2707
298,1943,297,335,135,2708
299,1944,298,76,136,2709
300,1945,299,402,137,2710
301,1946,300,10,138,2711
302,1947,301,157,139,2712
303,1948,302,70,140,2713
304,1949,303,223,141,2714
305,1950,304,158,142,2715
306,1951,305,410,143,2716
307,1952,306,334,144,2717
308,1953,307,75,145,2718
309,1954,308,9,146,2719
310,1955,309,461,147,2720
311,1956,310,209,148,2721
312,1957,311,69,149,2722
313,1958,312,221,150,2723
314,1959,313,211,151,2724
315,1960,314,218,152,2725
316,1961,315,74,153,2726
317,1962,316,235,154,2727
318,1963,317,174,155,2728
2,1964,318,2328,156,2729
319,1965,319,414,157,2730
320,1966,320,338,158,2731
321,1967,321,89,159,2732
322,1968,322,13,160,2733
323,1969,323,217,161,2734
324,1970,324,73,162,2735
325,1971,325,336,163,2736
326,1972,326,166,164,2737
327,1973,327,413,165,2738
328,1974,328,337,166,2739
329,1975,329,80,167,2740
330,1976,330,12,168,2741
331,1977,331,215,169,2742
332,1978,332,72,170,2743
333,1979,333,230,171,2744
334,1980,334,162,172,2745
335,1981,335,412,173,2746
336,1982,336,98,174,2747
337,1983,337,205,175,2748
338,1984,338,428,176,2749
339,1985,339,458,177,2750
340,1986,340,352,178,2751
341,1987,341,128,179,2752
342,1988,342,27,180,2753
343,1989,343,255,181,2754
344,1990,344,106,182,2755
345,1991,345,268,183,2756
346,1992,346,204,184,2757
347,1993,347,427,185,2758
348,1994,348,251,186,2759
349,1995,349,126,187,2760
350,1996,350,26,188,2761
351,1997,351,254,189,2762
352,1998,352,104,190,2763
353,1999,353,266,191,2764
354,2000,354,3,192,2765
355,2001,355,202,193,2766
356,2002,356,426,194,2767
357,2003,357,350,195,2768
358,2004,358,124,196,2769
359,2005,359,25,197,2770
360,2006,360,351,198,2771
361,2007,361,132,199,2772
362,2008,362,30,200,2773
363,2009,363,263,201,2774
364,2010,364,113,202,2775
365,2011,365,277,203,2776
366,2012,366,207,204,2777
367,2013,367,430,205,2778
368,2014,368,354,206,2779
369,2015,369,131,207,2780
370,2016,370,272,208,2781
371,2017,371,260,209,2782
372,2018,372,111,210,2783
373,2019,373,274,211,2784
374,2020,374,206,212,2785
375,2021,375,429,213,2786
376,2022,376,353,214,2787
377,2023,1,129,346,2788
378,2024,377,28,260,2789
379,2025,378,257,259,2790
380,2026,379,108,258,2791
381,2027,13,198,344,2792
382,2028,380,22,257,2793
383,2029,381,238,256,2794
384,2030,382,96,255,2795
385,2031,383,253,254,2796
386,2032,384,194,253,2797
387,2033,385,422,252,2798
388,2034,386,346,251,2799
389,2035,387,121,565,2800
390,2036,388,21,248,2801
391,2037,389,236,246,2802
392,2038,390,420,244,2803
393,2039,391,250,242,2804
394,2040,392,192,240,2805
395,2041,393,421,238,2806
396,2042,394,345,236,2807
397,2043,395,107,234,2808
398,2044,396,20,232,2809
399,2045,397,234,230,2810
400,2046,398,93,228,2811
401,2047,399,248,226,2812
402,2048,400,190,224,2813
403,2050,401,91,222,2814
404,2051,402,102,220,2815
405,2052,403,264,218,2816
406,2053,404,201,6,2817
407,2054,405,425,9,2818
408,2055,406,349,10,2819
409,2056,407,120,11,2820
410,2060,408,24,13,2821
411,2067,409,247,15,2822
412,2071,410,101,17,2823
413,2072,411,261,18,2824
414,2073,412,112,19,2825
415,2074,413,424,21,2826
416,2075,414,348,23,2827
417,2076,415,116,25,2828
418,2077,416,23,27,2829
419,2078,417,245,29,2830
420,2079,418,99,31,2831
421,2080,419,256,35,2832
422,2081,420,196,37,2833
423,2083,421,423,39,2834
424,2084,422,347,41,2835
3,2085,423,1512,43,2836
425,2086,424,1318,45,2837
426,2087,425,1210,48,2838
427,2088,426,1338,49,2839
4,2089,427,1337,51,2840
428,2090,428,1199,53,2841
429,2091,429,1241,55,2842
430,2092,430,1349,56,2843
431,2093,431,1216,58,2844
432,2094,432,1215,60,2845
433,2095,433,1225,62,2846
434,2096,434,1319,64,2847
435,2097,435,1235,66,2848
436,2098,436,407,68,2849
437,2099,437,303,70,2850
438,2102,438,86,71,2851
439,2103,439,390,74,2852
440,2104,440,327,75,2853
441,2105,441,384,77,2854
442,2106,442,367,80,2855
443,2107,443,453,83,2856
444,2108,444,403,84,2857
445,2109,445,301,85,2858
446,2110,446,382,86,2859
447,2111,447,389,87,2860
448,2112,448,322,89,2861
449,2113,449,383,91,2862
450,2114,450,365,1776,2863
451,2115,451,452,93,2864
452,2123,452,401,96,2865
453,2124,453,299,97,2866
454,2125,454,82,98,2867
455,2127,455,388,100,2868
456,2128,456,324,103,2869
457,2129,457,84,105,2870
458,2130,458,92,107,2871
459,2131,459,393,109,2872
460,2132,460,332,110,2873
461,2134,461,387,111,2874
462,2135,462,371,113,2875
463,2882,463,456,115,2876
464,2885,464,409,117,2877
465,2886,465,307,119,2878
466,159,466,90,121,2879
467,197,467,392,123,2880
468,319,468,454,125,2881
469,320,469,386,128,2882
470,321,470,369,129,2883
471,322,471,455,130,2884
472,323,472,408,132,2885
473,335,473,305,250,2886
474,368,474,88,249,2887
475,369,475,391,247,66
476,370,476,328,245,67
477,371,477,462,243,410
478,372,478,385,241,619
479,374,479,368,239,1222
480,375,480,394,237,1223
1539,376,1443,29,391,1224
1540,377,1444,510,389,1225
1541,378,1445,486,388,1226
1542,380,1446,497,387,1227
1543,381,1447,230,385,1228
1544,382,1448,32,384,1229
1545,383,1449,520,383,1230
1546,384,1450,178,382,1231
1547,390,1451,297,381,1232
1548,391,1452,188,380,1233
1549,392,1453,560,379,1234
1550,393,1454,494,378,1235
1551,394,1455,228,377,1236
1552,395,1456,281,376,1237
1553,396,1457,519,375,1238
1554,397,1458,174,374,1239
1555,398,1459,288,373,1240
1556,399,1460,186,372,1241
1557,400,1461,557,370,1242
1558,401,1462,492,367,1243
1559,402,1463,226,365,1244
1560,403,1464,30,363,1245
1561,404,1465,517,361,1246
1562,405,1466,170,359,1247
1563,406,1467,549,357,1248
1564,407,1468,502,356,1249
1565,408,1469,154,354,1250
1566,409,1470,258,352,1251
1567,410,1471,167,350,1252
1568,411,1472,547,348,1253
1569,412,1473,474,346,1254
1570,413,1474,204,343,1255
1571,414,1475,25,341,1256
1572,415,1476,500,340,1257
1573,416,1477,152,338,1258
1574,417,1478,197,336,1259
1575,418,1479,165,334,1260
1576,419,1480,543,332,1261
1577,420,1481,468,330,1262
1578,421,1482,191,328,1263
1579,422,1483,24,325,1264
1580,423,1484,498,323,1265
1581,424,1485,138,321,1266
1582,425,1486,245,319,1267
1583,426,1487,163,317,1268
1584,427,1488,534,315,1269
1585,428,1489,466,313,1270
1586,429,1490,248,312,1271
1587,430,1491,290,310,1272
1588,431,1492,175,308,1273
1589,432,1493,550,306,1274
1590,433,1494,482,304,1275
1591,434,1495,212,301,1276
1592,435,1496,28,299,1277
1593,436,1497,508,297,1278
1594,437,1498,162,295,1279
1595,438,1499,265,293,1280
1596,439,1500,173,291,1281
1597,440,1501,26,289,1282
1598,441,1502,479,287,1283
1599,442,1503,209,285,1284
1600,443,1504,27,284,1285
1601,444,1505,505,282,1286
1602,445,1506,157,280,1287
1603,446,1507,262,278,1288
1604,447,1508,172,276,1289
1605,448,1509,546,274,1290
1606,449,1510,477,272,1291
1607,450,1511,31,270,1292
1608,451,1512,241,267,1293
1609,452,1513,339,265,1294
1610,453,1514,214,263,1295
1611,454,1515,587,262,1296
1612,455,1516,555,260,1297
1613,456,1517,273,258,1298
1614,457,1518,40,256,1299
1615,458,1519,539,253,1300
1616,459,1520,237,251,1301
1617,460,1521,335,249,1302
1618,461,1522,211,248,1303
1619,462,1523,38,246,1304
1620,463,1524,553,244,1305
1621,464,1525,271,242,1306
1622,465,1526,39,240,1307
1623,466,1527,537,237,1308
1624,467,1528,207,235,1309
1625,468,1529,333,233,1310
1626,469,1530,208,231,1311
1627,470,1531,584,229,1312
1628,471,1532,525,228,1313
1629,472,1533,276,226,1314
1630,473,1534,586,224,1315
1631,474,1535,591,222,1316
1632,475,1536,558,220,1317
1633,476,1537,291,218,1318
1634,477,1538,43,215,1319
1635,478,1539,548,213,1320
1636,479,1540,224,211,1321
1637,480,1541,348,209,1322
1638,481,1542,217,207,1323
1639,482,1543,589,206,1324
1640,483,1544,215,204,1325
1641,484,1545,284,202,1326
1642,485,1546,42,200,1327
1643,486,1547,545,198,1328
1644,487,1548,219,195,1329
1645,488,1549,341,193,1330
1646,489,1550,216,192,1331
1647,490,1551,588,190,1332
1648,491,1552,556,187,1333
1649,492,1553,301,185,1334
1650,493,1554,41,183,1335
1651,494,1555,541,181,1336
1652,495,1556,551,179,1337
1653,496,1557,324,177,1338
1654,497,1558,35,176,1339
1655,498,1559,527,174,1340
1656,499,1560,185,172,1341
1657,500,1561,328,170,1342
1658,501,1562,198,168,1343
1659,502,1563,572,165,1344
1660,504,1564,504,163,1345
1661,505,1565,236,161,1346
1662,506,1566,34,159,1347
1663,507,1567,562,158,1348
1664,508,1568,183,156,1349
1665,509,1569,304,154,1350
1666,510,1570,196,151,1351
1667,511,1571,564,149,1352
1668,512,1572,516,148,1353
1669,513,1573,235,146,1354
1670,514,1574,33,144,1355
1671,515,1575,522,371,1356
1672,516,1576,181,142,1357
1673,517,1577,300,140,1358
1674,518,1578,192,138,1359
1675,519,1579,524,136,1360
1676,520,1580,535,134,1361
1677,521,1581,199,131,1362
1678,522,1582,331,129,1363
1679,523,1583,205,128,1364
1680,524,1584,580,126,1365
1681,525,1585,533,123,1366
1682,526,1586,274,121,1367
1683,527,1587,37,119,1368
1684,528,1588,531,117,1369
1685,529,1589,194,115,1370
1686,530,1590,518,113,1371
1687,531,1591,203,112,1372
1688,532,1592,576,110,1373
1689,533,1593,514,108,1374
1690,534,1594,267,106,1375
1691,535,1595,36,104,1376
1692,536,1596,529,101,1377
1693,537,1597,189,99,1378
1694,538,1598,318,97,1379
1695,539,1599,201,95,1380
1696,540,1600,582,93,1381
1697,541,1601,133,92,1382
1698,542,1602,9,90,1383
1699,543,1603,445,88,1384
1700,544,1604,103,86,1385
1701,545,1605,177,83,1386
1702,546,1606,123,81,1387
1703,547,1607,478,79,1388
1704,548,1608,388,78,1389
1705,549,1609,135,76,1390
1706,550,1610,8,74,1391
1707,551,1611,442,72,1392
1708,552,1612,371,70,1393
1709,553,1613,179,67,1394
1710,554,1614,121,65,1395
1711,555,1615,475,64,1396
1712,556,1616,380,62,1397
1713,557,1617,107,60,1398
1714,558,1618,7,58,1399
1715,559,1619,436,56,1400
1716,560,1620,99,53,1401
1717,561,1621,171,51,1402
1718,562,1622,119,49,1403
1719,563,1623,472,47,1404
1720,564,1624,104,45,1405
1721,565,1625,109,43,1406
1722,566,1626,187,41,1407
1723,567,1627,137,39,1408
1724,568,1628,485,37,1409
1725,569,1629,406,35,1410
1726,570,1630,130,33,1411
1727,571,1631,11,31,1412
1728,572,1632,453,29,1413
1729,573,1633,106,27,1414
1730,574,1634,184,25,1415
1731,575,1635,124,23,1416
1732,576,1636,483,22,1417
1733,577,1637,404,20,1418
1734,578,1638,125,18,1419
1735,579,1639,10,16,1420
1736,580,1640,455,14,1421
1737,581,1641,105,12,1422
1738,582,1642,182,10,1423
1739,583,1643,127,8,1424
1740,584,1644,480,5,1425
1741,585,1645,396,3,1426
1742,586,1646,431,1,1427
1743,587,1647,352,2,1428
1744,588,1648,100,4,1429
1745,589,1649,3,6,1430
1746,590,1650,400,8,1431
1747,591,1651,94,9,1432
1748,592,1652,161,11,1433
1749,593,1653,112,13,1434
1750,594,1654,449,15,1435
1751,595,1655,344,18,1436
1752,596,1656,96,20,1437
1753,597,1657,108,22,1438
1754,598,1658,389,23,1439
1755,599,1659,93,25,1440
1756,600,1660,158,28,1441
1757,601,1661,110,30,1442
1758,602,1662,446,31,1443
1759,603,1663,340,33,1444
1760,604,1664,91,35,1445
1761,605,1665,1,37,1446
1762,606,1666,439,39,1447
1763,607,1667,92,42,1448
1764,608,1668,156,44,1449
1765,609,1669,2,46,1450
1766,610,1670,131,48,1451
1767,611,1671,6,50,1452
1768,612,1672,434,52,1453
1769,613,1673,98,53,1454
1770,614,1674,169,55,1455
1771,615,1675,118,57,1456
1772,616,1676,461,60,1457
1773,617,1677,411,62,1458
1774,618,1678,102,64,1459
1775,619,1679,5,66,1460
1776,620,1680,458,67,1461
1777,621,1681,97,69,1462
1778,622,1682,166,71,1463
1779,623,1683,116,73,1464
1780,624,1684,456,76,1465
1781,625,1685,354,78,1466
1782,626,1686,101,80,1467
1783,632,1687,4,81,1468
1784,633,1688,428,83,1469
1785,634,1689,95,85,1470
1786,635,1690,164,87,1471
1787,636,1691,114,89,1472
1788,638,1692,132,92,1473
1789,639,1693,450,94,1474
1790,640,1694,180,96,1475
1791,641,1695,20,98,1476
1792,642,1696,491,100,1477
1793,643,378,128,102,1478
1794,644,381,223,103,1479
1795,645,1697,151,105,1480
1796,646,1698,528,107,1481
1797,647,1699,447,109,1482
1798,648,1700,202,111,1483
1799,649,1701,148,113,1484
1800,650,1702,484,115,1485
1801,651,1703,126,117,1486
1802,652,1704,213,120,1487
1803,653,1705,149,122,1488
1804,654,1706,512,124,1489
1805,655,1707,441,126,1490
1806,656,1708,150,128,1491
1807,657,1709,18,130,1492
1808,658,1710,476,132,1493
1809,659,1711,122,134,1494
1810,660,1712,210,135,1495
1811,661,1713,19,137,1496
1812,662,1714,23,139,1497
1813,663,1715,496,142,1498
1814,664,1716,159,144,1499
1815,665,1717,242,146,1500
1816,666,1718,160,148,1501
1817,667,1719,532,150,1502
1818,668,1720,463,151,1503
1819,669,1721,176,153,1504
1820,670,1722,22,155,1505
1821,671,1723,493,157,1506
1822,672,1724,521,159,1507
1823,673,1725,256,161,1508
1824,674,1726,155,163,1509
1825,675,1727,530,164,1510
1826,676,1728,452,166,1511
1827,677,1729,168,169,1512
1828,678,1730,21,171,1513
1829,679,1731,489,173,1514
1830,680,1732,129,175,1515
1831,681,1733,221,177,1516
1832,682,1734,153,179,1517
1833,683,1735,145,181,1518
1834,684,1736,195,183,1519
1835,685,1737,142,185,1520
1836,686,1738,495,187,1521
1837,687,1739,423,188,1522
1838,688,1740,141,190,1523
1839,689,1741,14,192,1524
1840,690,1742,462,194,1525
1841,691,1743,113,369,1526
1842,692,1744,193,196,1527
1843,693,1745,140,198,1528
1844,694,1746,457,200,1529
1845,695,1747,416,202,1530
1846,696,1748,139,204,1531
1847,697,1749,13,206,1532
1848,698,1750,460,208,1533
1849,699,1751,111,210,1534
1850,700,1752,190,212,1535
1851,701,1753,136,214,1536
1852,702,1754,487,216,1537
1853,703,1755,413,218,1538
1854,704,1756,134,220,1539
1855,705,1757,12,222,1540
1856,706,1758,490,224,1541
1857,707,1759,509,226,1542
1858,708,1760,438,228,1543
1859,709,1761,147,230,1544
1860,710,1762,17,232,1545
1861,711,1763,470,234,1546
1862,712,1764,120,237,1547
1863,713,1765,206,239,1548
1864,714,1766,146,241,1549
1865,715,1767,506,243,1550
1866,716,1768,426,245,1551
1867,717,1769,115,247,1552
1868,718,1770,16,249,1553
1869,719,1771,471,251,1554
1870,720,1772,117,253,1555
1871,721,1773,200,255,1556
1872,722,1774,144,257,1557
1873,723,1775,501,259,1558
1874,724,1776,424,261,1559
1875,725,1777,143,263,1560
1876,726,1778,15,265,1561
1877,727,1779,464,267,1562
1878,728,1780,1,269,1563
1879,729,1781,298,271,1564
1880,730,1782,667,273,1565
1881,732,1783,640,275,1566
1882,733,1784,407,277,1567
1883,734,1785,74,279,1568
1884,735,1786,660,280,1569
1885,736,1787,337,282,1570
1886,737,1788,473,284,1571
1887,738,1789,295,286,1572
1888,739,1790,665,288,1573
1889,740,1791,332,290,1574
1890,741,1792,405,292,1575
1891,742,1793,73,294,1576
1892,743,1794,658,296,1577
1893,744,1795,334,298,1578
1894,745,1796,469,300,1579
1895,746,1797,292,302,1580
1896,747,1798,663,304,1581
1897,748,1799,633,400,1582
1898,749,1800,403,398,1583
1899,750,1801,72,395,1584
1900,751,1802,655,392,1585
1901,752,1803,642,390,1586
1902,753,1804,662,386,1587
1903,754,1805,412,368,1588
1904,755,1806,77,366,1589
1905,756,1807,687,364,1590
1906,757,1808,349,362,1591
1907,758,1809,488,360,1592
1908,759,1810,305,358,1593
1909,760,1811,671,355,1594
1910,761,1812,651,353,1595
1911,762,1813,410,351,1596
1912,763,1814,513,349,1597
1913,764,1815,683,347,1598
1914,765,1816,346,345,1599
1915,766,1817,503,344,1600
1916,767,1818,302,342,1601
1917,768,1819,669,339,1602
1918,769,1820,656,337,1603
1919,770,1821,408,335,1604
1920,771,1822,75,333,1605
1921,772,1823,666,331,1606
1922,773,1824,358,329,1607
1923,774,1825,659,327,1608
1924,775,1826,647,326,1609
1925,776,1827,322,324,1610
1926,777,1828,454,322,1611
1927,778,1829,279,320,1612
1928,779,1830,654,318,1613
1929,780,1831,624,316,1614
1930,781,1832,393,314,1615
1931,782,1833,68,311,1616
1932,783,1834,646,309,1617
1933,784,1835,319,307,1618
1934,785,1836,386,305,1619
1935,786,1837,277,303,1620
1936,787,1838,652,302,1621
1937,788,1839,622,300,1622
1938,789,1840,391,298,1623
1939,790,1841,67,296,1624
1940,791,1842,643,294,1625
1941,792,1843,316,292,1626
1942,793,1844,443,290,1627
1943,794,1845,275,288,1628
1944,795,1846,650,286,1629
1945,796,1847,619,283,1630
1946,797,1848,448,281,1631
1947,798,1849,467,279,1632
1948,799,1850,296,277,1633
1949,800,1851,661,275,1634
1950,801,1852,632,273,1635
1951,802,1853,402,271,1636
1952,803,1854,71,269,1637
1953,804,1855,653,268,1638
1954,805,1856,329,266,1639
1955,806,1857,465,264,1640
1956,807,1858,286,261,1641
1957,808,1859,69,259,1642
1958,809,1860,631,257,1643
1959,810,1861,398,255,1644
1960,811,1862,70,254,1645
1961,812,1863,649,252,1646
1962,813,1864,326,250,1647
1963,814,1865,459,247,1648
1964,815,1866,282,245,1649
1965,816,1867,657,243,1650
1966,817,1868,627,241,1651
1967,818,1869,395,239,1652
1968,819,1870,76,238,1653
1969,820,1871,375,236,1654
1970,821,1872,538,234,1655
1971,822,1873,330,232,1656
1972,823,1874,694,230,1657
1973,824,1875,2,227,1658
1974,825,1876,435,225,1659
1975,826,1877,85,223,1660
1976,827,1878,695,221,1661
1977,828,1879,373,219,1662
1978,829,1880,536,217,1663
1979,830,1881,83,216,1664
1980,831,1882,692,214,1665
1981,832,1883,682,212,1666
1982,833,1884,433,210,1667
1983,834,1885,84,208,1668
1984,835,1886,693,205,1669
1985,836,1887,372,203,1670
1986,837,1888,540,201,1671
1987,838,1889,325,199,1672
1988,839,1890,690,197,1673
1989,840,1891,680,196,1674
1990,841,1892,430,194,1675
1991,842,1893,327,191,1676
1992,843,1894,342,189,1677
1993,844,1895,701,188,1678
1994,845,1896,3,186,1679
1995,846,1897,444,184,1680
1996,847,1898,88,182,1681
1997,848,1899,699,180,1682
1998,849,1900,379,178,1683
1999,850,1901,544,175,1684
2000,851,1902,343,173,1685
2001,852,1903,700,171,1686
2002,853,1904,696,169,1687
2003,854,1905,440,167,1688
2004,855,1906,87,166,1689
2005,856,1907,698,164,1690
2006,857,1908,377,162,1691
2007,858,1909,542,160,1692
2008,860,1910,338,157,1693
2009,861,1911,697,155,1694
2010,862,1912,677,153,1695
2011,863,1913,437,152,1696
2012,864,1914,86,150,1697
2013,865,1915,526,147,1698
2014,866,1916,419,145,1699
2015,867,1917,80,143,1700
2016,868,1918,678,141,1701
2017,869,1919,363,139,1702
2018,870,1920,511,137,1703
2019,871,1921,313,135,1704
2020,872,1922,673,133,1705
2021,873,1923,668,132,1706
2022,874,1924,417,130,1707
2023,875,1925,79,127,1708
2024,876,1926,684,125,1709
2025,877,1927,360,124,1710
2026,878,1928,507,122,1711
2027,879,1929,311,120,1712
2028,880,1930,685,118,1713
2029,881,1931,664,116,1714
2030,882,1932,414,114,1715
2031,883,1933,78,111,1716
2032,884,1934,674,109,1717
2033,885,1935,355,107,1718
2034,886,1936,499,105,1719
2035,887,1937,309,103,1720
2036,888,1938,676,102,1721
2037,889,1939,691,100,1722
2038,890,1940,370,98,1723
2039,891,1941,523,96,1724
2040,892,1942,323,94,1725
2041,893,1943,688,91,1726
2042,894,1944,679,89,1727
2043,895,1945,425,87,1728
2044,896,1946,82,85,1729
2045,897,1947,689,84,1730
2046,898,1948,367,82,1731
2047,899,1949,670,80,1732
2048,900,1950,321,77,1733
2049,901,1951,686,75,1734
2050,902,1952,672,73,1735
2051,903,1953,421,71,1736
2052,904,1954,81,69,1737
2053,905,1955,681,68,1738
2054,906,1956,366,66,1739
2055,907,1957,515,63,1740
2056,908,1958,317,61,1741
2057,909,1959,675,59,1742
2058,910,1960,310,57,1743
2059,911,1961,52,55,1744
2060,912,1962,579,54,1745
2061,913,1963,261,52,1746
2062,914,1964,387,50,1747
2063,915,1965,233,48,1748
2064,916,1966,613,46,1749
2065,917,1967,574,44,1750
2066,918,1968,320,42,1751
2067,919,1969,51,40,1752
2068,920,1970,577,38,1753
2069,921,1971,571,36,1754
2070,922,1972,383,34,1755
2071,923,1973,232,32,1756
2072,924,1974,610,30,1757
2073,925,1975,573,28,1758
2074,926,1976,351,26,1759
2075,927,1977,50,24,1760
2076,928,1978,569,21,1761
2077,929,1979,254,19,1762
2078,930,1980,385,17,1763
2079,931,1981,231,15,1764
2080,932,1982,608,13,1765
2081,933,1983,259,11,1766
2082,934,1984,269,9,1767
2083,935,1985,394,7,1768
2084,936,1986,239,6,1769
2085,937,1987,618,4,1770
2086,938,1988,590,2,1771
2087,939,1989,347,1,1772
2088,940,1990,54,3,1773
2089,941,1991,583,5,1774
2090,942,1992,268,7,1775
2091,943,1993,392,10,1776
2092,944,1994,345,12,1777
2093,945,1995,616,14,1778
2094,946,1996,594,16,1779
2095,947,1997,336,17,1780
2096,948,1998,53,19,1781
2097,949,1999,581,21,1782
2098,950,2000,264,24,1783
2099,951,2001,390,26,1784
2100,952,2002,234,27,1785
2101,953,2003,615,29,1786
2102,954,2004,578,32,1787
2103,955,2005,563,34,1788
2104,956,2006,567,36,1789
2105,957,2007,306,38,1790
2106,958,2008,46,40,1791
2107,959,2009,559,41,1792
2108,960,2010,244,43,1793
2109,961,2011,359,45,1794
2110,962,2012,222,47,1795
2111,963,2013,597,49,1796
2112,964,2014,566,51,1797
2113,965,2015,299,54,1798
2114,966,2016,218,56,1799
2115,967,2017,554,58,1800
2116,968,2018,243,59,1801
2117,969,2019,356,61,1802
2118,970,2020,220,63,1803
2119,971,2021,599,65,1804
2120,972,2022,565,68,1805
2121,973,2023,303,70,1806
2122,974,2024,44,72,1807
2123,975,2025,552,74,1808
2124,976,2026,238,75,1809
2125,977,2027,353,77,1810
2126,978,2028,45,79,1811
2127,979,2029,314,82,1812
2128,980,2030,49,84,1813
2129,981,2031,575,86,1814
2130,982,2032,251,88,1815
2131,983,2033,378,90,1816
2132,984,2034,229,91,1817
2133,985,2035,605,93,1818
2134,986,2036,570,95,1819
2135,987,2037,312,97,1820
2136,988,2038,48,99,1821
2137,989,2039,601,101,1822
2138,990,2040,249,104,1823
2139,991,2041,365,106,1824
2140,992,2042,227,108,1825
2141,993,2043,603,110,1826
2142,994,2044,568,112,1827
2143,995,2045,308,114,1828
2144,996,2046,47,116,1829
2145,997,2047,561,118,1830
2146,998,2048,246,119,1831
2147,999,2049,362,121,1832
2148,1000,2050,225,123,1833
2149,1001,2051,240,125,1834
2150,1002,2052,614,127,1835
2151,1003,2053,381,129,1836
2152,1004,2054,63,131,1837
2153,1005,2055,630,133,1838
2154,1006,2056,294,136,1839
2155,1007,2057,429,138,1840
2156,1008,2058,263,140,1841
2157,1009,2059,641,141,1842
2158,1010,2060,606,143,1843
2159,1011,2061,376,145,1844
2160,1012,2062,257,147,1845
2161,1013,2063,623,149,1846
2162,1014,2064,293,152,1847
2163,1015,2065,420,154,1848
2164,1016,2066,260,156,1849
2165,1017,2067,638,158,1850
2166,1018,2068,604,160,1851
2167,1019,2069,374,162,1852
2168,1020,2070,61,165,1853
2169,1021,2071,626,167,1854
2170,1022,2072,289,168,1855
2171,1023,2073,418,170,1856
2172,1024,2074,62,172,1857
2173,1027,2075,66,174,1858
2174,1028,2076,639,176,1859
2175,1029,2077,307,178,1860
2176,1030,2078,451,180,1861
2177,1031,2079,270,182,1862
2178,1032,2080,648,184,1863
2179,1033,2081,617,186,1864
2180,1034,2082,384,189,1865
2181,1035,2083,65,191,1866
2182,1036,2084,635,193,1867
2183,1037,2085,644,195,1868
2184,1039,2086,432,197,1869
2185,1040,2087,272,199,1870
2186,1041,2088,645,201,1871
2187,1042,2089,612,203,1872
2188,1043,2090,382,205,1873
2189,1044,2091,64,207,1874
2190,1045,2092,637,209,1875
2191,1046,2093,315,211,1876
2192,1047,2094,427,213,1877
2193,1048,2095,266,215,1878
2194,1049,2096,368,217,1879
2195,1050,2097,401,219,1880
2196,1051,2098,252,221,1881
2197,1052,2099,629,223,1882
2198,1053,2100,596,225,1883
2199,1054,2101,361,227,1884
2200,1055,2102,57,229,1885
2201,1056,2103,625,231,1886
2202,1057,2104,278,233,1887
2203,1058,2105,399,235,1888
2204,1059,2106,247,236,1889
2205,1060,2107,585,238,1890
2206,1061,2108,595,240,1891
2207,1062,2109,357,242,1892
2208,1063,2110,56,244,1893
2209,1064,2111,592,246,1894
2210,1065,2112,280,248,1895
2211,1066,2113,397,250,1896
2212,1067,2114,250,252,1897
2213,1068,2115,620,254,1898
2214,1069,2116,593,256,1899
2215,1070,2117,350,258,1900
2216,1079,2118,55,260,1901
2217,1082,2119,621,262,1902
2218,1091,2120,634,264,1903
2219,1208,2121,602,266,1904
2220,1332,2122,369,871,1905
2221,1333,2123,60,268,1906
2222,2125,2124,611,868,1907
2223,2369,2125,287,270,1908
2224,2370,2126,415,272,1909
2225,2371,2127,255,274,1910
2226,2372,2128,636,276,1911
2227,2373,2129,600,278,1912
2228,2374,2130,283,281,1913
2229,2375,2131,59,283,1914
2230,2,2132,609,285,1915
2231,1,2133,285,287,1916
2232,1,2134,409,289,1917
2233,3,2135,253,291,1918
2234,1,2136,628,293,1919
2235,2,2137,598,295,1920
2236,4,2138,364,297,1921
2237,6,2139,58,299,1922
2238,9,2140,607,301,1923
2239,1195,2141,89,303,1924
2240,1780,2142,4,305,1925
2241,1902,2143,481,306,1926
2242,1904,2144,90,399,1927
2243,1905,2145,702,397,1
2244,1906,2146,422,396,2
337,1908,2147,2786,394,3
352,2046,2148,2325,393,64
475,2054,687,2790,212,65
480,2055,688,153,88,66
481,2056,689,276,234,67
482,2058,690,215,208,68
483,2059,691,631,206,69
484,2060,692,447,519,201
485,2061,693,141,1135,202
486,2062,694,25,1115,203
487,2063,695,419,1422,204
488,2065,696,151,253,205
489,2066,697,274,252,618
490,2067,698,23,250,659
491,2079,699,630,245,757
492,2097,700,440,243,758
493,2098,701,143,241,759
494,2113,702,24,239,760
495,2114,703,379,237,761
496,2115,704,150,1353,762
497,2116,705,269,1329,763
498,2117,706,211,1312,764
499,2118,707,627,1296,765
500,2119,708,437,1219,766
501,2130,709,133,1198,767
502,2133,710,213,85,768
503,2134,711,221,81,769
504,2135,712,636,78,770
505,2136,713,469,76,771
506,2137,714,148,74,772
507,2138,715,28,70,773
508,2139,716,421,66,774
509,2140,717,165,62,775
510,2141,718,282,61,776
511,2142,719,219,59,777
512,2143,720,634,57,778
513,2144,721,397,53,779
514,2145,722,146,50,780
515,2146,723,27,46,781
516,2147,724,399,44,782
517,2148,725,157,42,783
518,2149,726,280,40,784
519,2150,727,217,38,785
520,2151,728,632,34,786
521,2152,729,448,31,787
522,2153,730,144,29,788
523,2154,731,176,27,789
524,2155,732,26,24,790
525,2156,733,657,21,791
526,2157,734,493,19,792
527,2158,735,187,16,793
528,2159,736,36,14,794
529,2160,737,535,11,795
530,2161,738,207,7,796
531,2162,739,319,2,797
532,2163,740,260,3,798
533,2164,741,655,6,799
534,2165,742,490,8,800
535,2166,743,199,11,801
536,2167,744,35,13,802
537,2168,745,477,15,803
538,2169,746,204,16,804
539,2170,747,317,18,805
540,2171,748,257,21,806
541,2172,749,653,23,807
542,2173,750,488,25,808
543,2174,751,175,229,809
544,2175,752,34,226,810
545,2176,753,471,225,811
546,2177,754,181,223,812
547,2178,755,39,221,813
548,2179,756,520,219,814
549,2180,757,222,215,815
550,2181,758,328,214,816
551,2182,759,278,213,817
552,2183,760,659,211,818
553,2184,761,498,209,819
554,2185,762,194,207,820
555,2186,763,38,204,821
556,2187,764,517,203,822
557,2188,765,273,202,823
558,2189,766,236,200,824
559,2190,767,326,198,825
560,2191,768,281,197,826
561,2192,769,658,196,827
562,2193,770,495,194,828
563,2194,771,202,192,829
564,2195,772,37,190,830
565,2196,773,537,189,831
566,2197,774,228,188,832
567,2198,775,324,187,833
568,2199,776,649,185,834
569,2200,777,189,183,835
570,2201,778,304,182,836
571,2202,779,242,180,837
572,2203,780,480,178,838
573,2204,781,163,177,839
574,2205,782,30,175,840
575,2206,783,457,173,841
576,2207,784,186,172,842
577,2208,785,159,171,843
578,2209,786,237,169,844
579,2210,787,641,168,845
580,2211,788,478,27,846
581,2212,789,161,29,847
582,2213,790,29,31,848
583,2214,791,473,33,849
584,2215,792,184,36,850
585,2216,793,298,38,851
586,2217,794,244,40,852
587,2218,795,639,43,853
588,2219,796,474,45,854
589,2220,797,302,47,855
590,2221,798,314,49,856
591,2222,799,255,51,857
592,2223,800,651,53,858
593,2224,801,486,55,859
594,2225,802,172,57,860
595,2226,803,33,59,861
596,2227,804,467,61,862
597,2228,805,196,64,863
598,2229,806,312,66,864
599,2230,807,250,68,865
600,2231,808,31,70,866
601,2232,809,484,72,867
602,2233,810,170,74,868
603,2234,811,32,77,869
604,2235,812,462,79,870
605,2236,813,193,80,871
606,2237,814,309,83,872
607,2238,815,246,86,873
608,2239,816,647,89,874
609,2240,817,482,90,875
610,2241,818,167,92,876
611,2242,819,645,94,877
612,2243,820,459,96,878
613,2244,821,271,99,879
614,2245,822,230,101,880
615,2246,823,108,103,881
616,2247,824,203,105,882
617,2248,825,158,107,883
618,2249,826,572,109,884
619,2250,827,308,110,885
620,2251,828,96,112,886
621,2252,829,8,113,887
622,2253,830,268,115,888
623,2254,831,105,117,889
624,2255,832,92,120,890
625,2256,833,156,122,891
626,2257,834,570,124,892
627,2258,835,294,126,893
628,2259,836,95,128,894
629,2260,837,7,131,895
630,2261,838,224,133,896
631,2262,839,102,135,897
632,2263,840,200,139,898
633,2264,841,154,141,899
634,2265,842,567,143,900
635,2266,843,336,146,901
636,2267,844,201,167,902
637,2268,845,226,148,903
638,2269,846,164,165,904
639,2270,847,579,151,905
640,2271,848,334,162,906
641,2272,849,100,153,907
642,2273,850,11,161,908
643,2274,851,254,155,909
644,2275,852,111,160,910
645,2276,853,209,157,911
646,2277,854,162,159,912
647,2278,855,9,160,913
648,2279,856,392,157,914
649,2280,857,98,162,915
650,2281,858,10,156,916
651,2282,859,252,165,917
652,2283,860,109,155,918
653,2284,861,205,167,919
654,2285,862,160,154,920
655,2286,863,574,169,921
656,2287,864,361,152,922
657,2288,865,97,173,923
658,2289,866,107,151,924
659,2290,867,86,175,925
660,2291,868,3,149,926
661,2292,869,183,177,927
662,2293,870,93,148,928
663,2294,871,188,180,929
664,2295,872,145,146,930
665,2296,873,558,182,931
666,2297,874,262,145,932
667,2298,875,84,185,933
668,2299,876,2,144,934
669,2300,877,549,188,935
670,2301,878,91,142,936
671,2302,879,185,141,937
672,2303,880,142,190,938
673,2304,881,554,140,939
674,2305,882,251,192,940
675,2306,883,81,138,941
676,2307,884,1,195,942
677,2308,885,178,137,943
678,2309,886,90,198,944
679,2310,887,182,135,945
680,2311,888,140,200,946
681,2312,889,180,134,947
682,2313,890,6,132,948
683,2314,891,223,202,949
684,2315,892,99,131,950
685,2316,893,197,205,951
686,2317,894,152,130,952
687,2318,895,565,207,953
688,2319,896,279,128,954
689,2320,897,89,209,955
690,2321,898,5,127,956
691,2322,899,208,211,957
692,2323,900,259,126,958
693,2324,901,192,124,959
694,2325,902,149,214,960
695,2326,903,564,123,961
696,2327,904,285,216,962
697,2328,905,88,121,963
698,2329,906,4,120,964
699,2330,907,206,219,965
700,2331,908,94,118,966
701,2332,909,190,221,967
702,2333,910,147,116,968
703,2334,911,559,223,969
704,2335,912,585,226,970
705,2336,913,123,228,971
706,2337,914,20,230,972
707,2338,915,365,233,973
708,2339,916,134,235,974
709,2340,917,248,237,975
710,2341,918,179,239,976
711,2342,919,604,241,977
712,2343,920,428,243,978
713,2344,921,119,245,979
714,2345,922,19,247,980
715,2346,923,598,250,981
716,2347,924,132,252,982
717,2348,925,245,254,983
718,2349,926,177,257,984
719,2350,927,617,259,985
720,2351,928,416,261,986
721,2352,929,118,263,987
722,2353,930,18,265,988
723,2354,931,321,267,989
724,2355,932,130,269,990
725,2356,933,239,271,991
726,2357,934,174,275,992
727,2358,935,358,277,993
728,2359,936,371,280,994
729,2360,107,155,281,995
730,2361,131,264,282,996
731,2362,148,198,283,997
732,2363,164,623,284,998
733,2364,222,433,285,999
734,2365,232,128,286,1000
735,2366,261,22,287,1001
736,2374,304,363,288,1002
737,2375,297,138,289,1003
738,2376,937,425,290,1004
739,2377,938,195,291,1005
740,2378,939,622,292,1006
741,2379,940,431,293,1007
742,2380,941,126,294,1008
743,2381,942,21,295,1009
744,2382,943,352,296,1010
745,2383,944,136,297,1011
746,2384,945,258,298,1012
747,2385,946,191,299,1013
748,2386,947,625,300,1014
749,2387,948,16,301,1015
750,2388,949,169,302,1016
751,2389,950,591,115,1017
752,2390,951,404,114,1018
753,2391,952,104,112,1019
754,2392,953,14,111,1020
755,2393,954,296,109,1021
756,2394,955,116,107,1022
757,2395,956,231,106,1023
758,2396,957,168,105,1024
759,2397,958,588,103,1025
760,2398,959,112,102,1026
761,2399,960,103,101,1027
762,2400,961,13,100,1028
763,2401,962,266,97,1029
764,2402,963,114,96,1030
765,2403,964,220,95,1031
766,2404,965,166,93,1032
767,2405,966,583,91,1033
768,2406,967,381,303,1034
769,2407,968,101,90,1035
770,2408,969,12,304,1036
771,2409,970,263,89,1037
772,2410,971,382,305,1038
773,2411,972,407,87,1039
774,2412,973,110,306,1040
775,2413,974,17,86,1041
776,2414,975,355,307,1042
777,2415,976,125,84,1043
778,2416,977,235,83,1044
779,2417,978,173,308,1045
780,2418,979,595,82,1046
781,2419,980,401,309,1047
782,2420,981,127,80,1048
783,2421,982,229,310,1049
784,2422,983,315,79,1050
785,2423,984,122,311,1051
786,2424,985,233,77,1052
787,2425,986,171,312,1053
788,2426,987,592,75,1054
789,2427,988,398,313,1055
790,2428,989,106,73,1056
791,2429,990,15,314,1057
792,2430,991,289,72,1058
793,2431,992,120,71,1059
794,2432,993,699,315,1060
795,2433,994,373,69,1061
796,2434,995,70,316,1062
797,2435,996,671,68,1063
798,2436,997,403,317,1064
799,2437,998,466,67,1065
800,2438,999,445,318,1066
801,2439,1000,716,65,1067
802,2440,1001,616,319,1068
803,2441,1002,367,64,1069
804,2442,1003,69,320,1070
805,2443,1004,711,63,1071
806,2444,1005,375,321,1072
807,2445,1006,464,60,1073
808,2446,1007,453,322,1074
809,2447,1008,713,58,1075
810,2448,1009,612,323,1076
811,2449,1010,362,56,1077
812,2450,1011,68,324,1078
813,2451,1012,668,55,1079
814,2452,1013,372,325,1080
815,2453,1014,458,54,1081
816,2454,1015,434,326,1082
817,2455,1016,670,52,1083
818,2456,1017,680,327,1084
819,2457,1018,395,51,1085
820,2458,1019,479,328,1086
821,2459,1020,463,49,1087
822,2460,1021,721,329,1088
823,2461,1022,621,48,1089
824,2462,1023,378,330,1090
825,2463,1024,72,47,1091
826,2464,1025,679,331,1092
827,2465,1026,390,45,1093
828,2466,1027,618,332,1094
829,2467,1028,461,43,1095
830,2468,1029,719,333,1096
831,2469,1030,620,41,1097
832,2470,1031,376,334,1098
833,2471,1032,71,39,1099
834,2472,1033,673,335,1100
835,2474,1034,389,37,1101
836,2475,1035,470,336,1102
837,2476,1036,455,36,1103
838,2477,1037,718,337,1104
839,2478,1038,66,35,1105
840,2479,1039,417,338,1106
841,2480,1040,707,33,1107
842,2481,1041,597,339,1108
843,2482,1042,338,32,1109
844,2483,1043,64,340,1110
845,2484,1044,648,30,1111
846,2485,1045,354,341,1112
847,2486,1046,446,28,1113
848,2487,1047,414,342,1114
849,2488,1048,706,26,1115
850,2489,1049,337,343,1116
851,2490,1050,330,25,1117
852,2491,1051,63,344,1118
853,2492,1052,646,23,1119
854,2493,1053,339,345,1120
855,2494,1054,442,22,1121
856,2495,1055,410,346,1122
857,2499,1056,705,20,1123
858,2505,1057,593,18,1124
859,2506,1058,344,347,1125
860,2507,1059,62,17,1126
861,2508,1060,644,15,1127
862,2509,1061,594,348,1128
863,2510,1062,614,13,1129
864,2511,1063,356,349,1130
865,2512,1064,67,12,1131
866,2513,1065,654,350,1132
867,2514,1066,369,10,1133
868,2515,1067,456,351,1134
869,2517,1068,436,9,1135
870,2518,1069,709,352,1136
871,2519,1070,605,8,1137
872,2520,1071,364,353,1138
873,2521,1072,449,6,1139
874,2522,1073,652,5,1140
875,2523,1074,357,354,1141
876,2524,1075,451,4,1142
877,2525,1076,424,355,1143
878,2526,1077,708,3,1144
879,2528,1078,599,356,1145
880,2529,1079,343,1,1146
881,2530,1080,65,357,1147
882,2531,1081,650,1,1148
883,2532,1082,350,358,1149
884,2533,1083,475,2,1150
885,2538,1084,736,359,1151
886,2549,1085,662,4,1152
887,2555,1086,427,360,1153
888,2556,1087,82,5,1154
889,2557,1088,697,361,1155
890,2558,1089,443,7,1156
891,2559,1090,504,362,1157
892,2560,1091,497,9,1158
893,2561,1092,734,363,1159
894,2562,1093,660,10,1160
895,2563,1094,496,364,1161
896,2564,1095,80,12,1162
897,2565,1096,695,365,1163
898,2566,1097,441,14,1164
899,2567,1098,500,366,1165
900,2568,1099,489,17,1166
901,2569,1100,733,367,1167
902,2570,1101,664,19,1168
903,2615,1102,422,368,1169
904,2621,1103,79,20,1170
905,2622,1104,693,369,1171
906,2623,1105,450,22,1172
907,2624,1106,415,370,1173
908,2625,1107,439,24,1174
909,2627,1108,87,371,1175
910,2628,1109,701,26,1176
911,2629,1110,460,372,1177
912,2630,1111,523,28,1178
913,2632,1112,503,373,1179
914,2633,1113,739,30,1180
915,2634,1114,677,374,1181
916,2635,1115,432,32,1182
917,2636,1116,85,375,1183
918,2648,1117,499,34,1184
919,2702,1118,454,35,1185
920,2712,1119,522,376,1186
921,2714,1120,501,37,1187
922,2715,1121,738,377,1188
923,2716,1122,666,39,1189
924,2717,1123,430,41,1190
925,2718,1124,83,42,1191
926,2719,1125,698,44,1192
927,2720,1126,452,46,1193
928,2721,1127,512,48,1194
929,2722,1128,642,50,1195
930,2723,1129,411,52,1196
931,2833,1130,485,54,1197
932,2834,1131,472,56,1198
933,2835,1132,726,58,1199
934,2862,1133,628,60,1200
935,2863,1134,388,62,1201
936,2873,1135,75,63,1202
937,2876,1136,684,65,1203
938,2877,1137,409,67,1204
939,2879,1138,483,69,1205
940,2880,1139,73,71,1206
941,2881,1140,724,73,1207
942,2882,1141,626,75,1208
943,2883,1142,387,76,1209
944,4,1143,74,78,1210
945,5,1144,683,81,1211
946,5,1145,406,82,1212
947,2,1146,481,84,1213
948,5,1147,465,85,1214
949,270,1148,723,87,1215
950,271,1149,624,88,1216
951,272,1150,384,91,1217
952,273,1151,468,93,1218
953,631,1152,487,95,1219
954,1114,1153,732,97,1220
955,1119,1154,656,98,62
956,1152,1155,400,100,198
957,1153,1156,78,102,199
958,1154,1157,689,104,375
959,1155,1158,444,106,376
960,1156,1159,494,108,377
961,1157,1160,492,111,378
962,1159,1161,730,114,379
963,1160,1162,685,116,380
964,1161,1163,429,118,381
965,1162,1164,77,119,382
966,1164,1165,691,121,383
967,1165,1166,413,123,384
968,1166,1167,491,125,385
969,1167,1168,476,127,386
970,1168,1169,728,129,387
971,1169,1170,640,130,388
972,1174,1171,393,132,389
973,1175,1172,76,134,390
974,1176,1173,703,136,391
975,1177,1174,359,137,392
976,1178,1175,325,138,393
977,1179,1176,676,140,394
978,1180,1177,542,142,395
979,1181,1178,265,144,396
980,1182,1179,47,145,397
981,1183,1180,610,147,398
982,1184,1181,267,149,399
983,1185,1182,366,150,400
984,1186,1183,323,152,401
985,1187,1184,568,154,402
986,1188,1185,541,156,403
987,1189,1186,241,158,404
988,1190,1187,46,159,405
989,1192,1188,562,161,406
990,1193,1189,249,163,407
991,1194,1190,351,164,408
992,1195,1191,327,166,409
993,1196,1192,674,168,410
994,1197,1193,529,170,411
995,1198,1194,225,171,412
996,1199,1195,45,172,413
997,1200,1196,675,174,414
998,1201,1197,682,176,415
999,1203,1198,553,178,416
1000,1204,1199,261,179,417
1001,1205,1200,50,181,418
1002,1206,1201,590,183,419
1003,1207,1202,275,184,420
1004,1208,1203,374,186,421
1005,1209,1204,342,187,422
1006,1210,1205,681,189,423
1007,1211,1206,550,191,424
1008,1212,1207,287,193,425
1009,1213,1208,49,194,426
1010,1214,1209,615,196,427
1011,1215,1210,290,197,428
1012,1216,1211,377,199,429
1013,1217,1212,329,201,430
1014,1218,1213,678,203,431
1015,1219,1214,545,204,432
1016,1220,1215,253,206,433
1017,1221,1216,48,208,434
1018,1222,1217,577,210,435
1019,1223,1218,301,212,436
1020,1224,1219,573,213,437
1021,1225,1220,238,215,438
1022,1226,1221,335,217,439
1023,1227,1222,292,378,440
1024,1228,1223,665,218,441
1025,1229,1224,508,379,442
1026,1230,1225,214,220,443
1027,1231,1226,41,380,444
1028,1232,1227,532,222,445
1029,1233,1228,234,381,446
1030,1234,1229,210,224,447
1031,1235,1230,288,382,448
1032,1240,1231,663,225,449
1033,1241,1232,506,383,450
1034,1242,1233,212,227,451
1035,1243,1234,40,384,452
1036,1244,1235,530,229,453
1037,1245,1236,227,385,454
1038,1246,1237,331,231,455
1039,1247,1238,284,386,456
1040,1248,1239,661,232,457
1041,1249,1240,502,387,458
1042,1250,1241,333,234,459
1043,1252,1242,247,388,460
1044,1253,1243,349,236,461
1045,1254,1244,306,389,462
1046,1255,1245,672,238,463
1047,1256,1246,527,390,464
1048,1257,1247,232,240,465
1049,1258,1248,44,391,466
1050,1259,1249,547,242,467
1051,1260,1250,243,392,468
1052,1261,1251,347,244,469
1053,1262,1252,42,393,470
1054,1263,1253,669,246,471
1055,1264,1254,516,394,472
1056,1265,1255,218,248,473
1057,1266,1256,43,395,474
1058,1267,1257,551,249,475
1059,1268,1258,240,396,476
1060,1269,1259,341,251,477
1061,1270,1260,299,397,478
1062,1271,1261,667,253,479
1063,1272,1262,514,398,480
1064,1273,1263,216,255,481
1065,1274,1264,256,399,482
1066,1275,1265,637,256,483
1067,1276,1266,320,400,484
1068,1277,1267,423,258,485
1069,1278,1268,385,401,486
1070,1279,1269,702,260,487
1071,1280,1270,580,402,488
1072,1284,1271,297,262,489
1073,1285,1272,58,403,490
1074,1286,1273,633,264,491
1075,1287,1274,318,404,492
1076,1288,1275,291,266,493
1077,1289,1276,408,405,494
1078,1290,1277,696,268,495
1079,1292,1278,578,406,496
1080,1293,1279,295,270,497
1081,1294,1280,57,407,498
1082,1296,1281,635,272,499
1083,1297,1282,316,408,500
1084,1298,1283,418,273,501
1085,1299,1284,368,409,502
1086,1300,1285,694,274,503
1087,1301,1286,576,410,504
1088,1302,1287,420,276,505
1089,1303,1288,435,411,506
1090,1304,1289,405,278,507
1091,1305,1290,704,412,508
1092,1306,1291,589,279,509
1093,1307,1292,332,413,510
1094,1308,1293,61,414,511
1095,1309,1294,643,415,512
1096,1310,1295,346,416,513
1097,1311,1296,438,417,514
1098,1312,1297,396,418,515
1099,1314,1298,59,419,516
1100,1315,1299,586,337,517
1101,1316,1300,307,336,518
1102,1317,1301,60,335,519
1103,1318,1302,638,334,520
1104,1319,1303,322,326,521
1105,1320,1304,426,333,522
1106,1321,1305,402,323,523
1107,1322,1306,700,332,524
1108,1325,1307,582,318,525
1109,1335,1308,310,331,526
1110,1339,1309,311,316,527
1111,1347,1310,566,330,528
1112,1348,1311,277,313,529
1113,1349,1312,53,329,530
1114,1378,1313,608,311,531
1115,1413,1314,303,307,532
1116,1414,1315,386,328,533
1117,1415,1316,348,303,534
1118,1427,1317,686,327,535
1119,2829,1318,561,297,536
1120,2830,1319,272,325,537
1121,2831,1320,340,295,538
1122,2832,1321,603,324,539
1123,2833,1322,300,293,540
1124,2834,1323,383,322,541
1125,2835,1324,345,288,542
1126,2836,1325,687,321,543
1127,2837,1326,556,286,544
1128,2838,1327,270,320,545
1129,2839,1328,51,283,546
1130,2840,1329,601,319,547
1131,2841,1330,293,279,548
1132,2842,1331,380,317,549
1133,2843,1332,52,275,550
1134,2844,1333,56,315,551
1135,2845,1334,629,268,552
1136,2846,1335,313,314,553
1137,2847,1336,412,265,554
1138,2848,1337,370,312,555
1139,2849,1338,692,263,556
1140,2850,1339,575,310,557
1141,2851,1340,286,259,558
1142,2852,1341,55,309,559
1143,2853,1342,619,254,560
1144,2854,1343,688,248,561
1145,2855,1344,394,308,562
1146,2856,1345,360,246,563
1147,2857,1346,690,306,564
1148,2858,1347,571,240,565
1149,2859,1348,283,305,566
1150,2860,1349,54,235,567
1151,2861,1350,613,304,568
1152,2862,1351,305,233,569
1153,2863,1352,391,228,570
1154,2864,1353,353,224,571
1155,2865,1354,543,302,572
1156,2866,1355,135,217,573
1157,2867,1356,744,301,574
1158,2868,1357,536,210,575
1159,2870,1358,606,300,576
1160,2871,1359,560,205,577
1161,2872,1360,753,299,578
1162,2876,1361,722,201,579
1163,2877,1362,521,298,580
1164,1,1363,129,199,581
1165,1,1364,743,296,582
1166,851,1365,717,195,583
1167,1017,1366,600,294,584
1168,1018,1367,557,193,585
1169,1030,1368,752,292,586
1170,1063,1369,720,191,587
1171,1064,1370,519,291,588
1172,1065,1371,131,186,589
1173,1066,1372,742,290,590
1174,1067,1373,528,184,591
1175,1068,1374,596,289,592
1176,1069,1375,555,181,593
1177,1070,1376,751,287,594
1178,1072,1377,534,179,595
1179,1073,1378,540,285,596
1180,1075,1379,611,176,597
1181,1076,1380,569,284,598
1182,1077,1381,756,174,599
1183,1078,1382,729,282,600
1184,1079,1383,531,170,601
1185,1080,1384,139,281,602
1186,1081,1385,746,166,603
1187,1082,1386,539,280,604
1188,1084,1387,609,164,605
1189,1085,1388,524,278,606
1190,1086,1389,755,163,607
1191,1087,1390,727,277,608
1192,1088,1391,533,158,609
1193,1089,1392,137,276,610
1194,1090,1393,745,153,611
1195,1091,1394,538,274,612
1196,1092,1395,607,150,613
1197,1093,1396,563,273,614
1198,1094,1397,754,147,615
1199,1095,1398,725,272,616
1200,1096,1399,740,143,617
1201,1097,1400,714,271,618
1202,1098,1401,510,139,619
1203,1099,1402,117,270,620
1204,1100,1403,737,136,621
1205,1101,1404,513,269,622
1206,1102,1405,587,133,623
1207,1103,1406,548,267,624
1208,1104,1407,748,129,625
1209,1105,1408,712,125,626
1210,1106,1409,507,266,627
1211,1107,1410,544,122,628
1212,1108,1411,735,264,629
1213,1109,1412,511,119,630
1214,1110,1413,584,262,631
1215,1111,1414,546,117,632
1216,1113,1415,747,261,633
1217,1114,1416,710,113,634
1218,1115,1417,505,260,635
1219,1116,1418,113,110,636
1220,1118,1419,731,258,637
1221,1119,1420,509,108,638
1222,1120,1421,581,257,639
1223,1121,1422,115,104,640
1224,1122,1423,518,256,641
1225,1123,1424,124,99,642
1226,1124,1425,741,255,643
1227,1125,1426,526,98,644
1228,1126,1427,602,251,645
1229,1127,1428,552,94,646
1230,1128,1429,750,249,647
1231,1129,1430,715,92,648
1232,1130,1431,515,247,649
1233,1131,1432,121,244,650
1234,1132,1433,749,242,651
1235,1133,1434,525,238,652
1236,1134,1435,1925,236,653
422,1135,1436,194,232,654
423,1136,1437,302,231,655
424,1137,1438,174,230,656
1,1138,1439,175,227,657
425,1139,1440,313,222,1
426,1140,1441,271,220,61
427,1141,1442,163,218,62
428,1142,1443,296,216,63
429,1143,376,297,86,64
430,1144,377,287,87,65
1236,1145,378,97,88,68
1237,1156,12,80,2,69
1238,1161,379,164,89,70
1239,1168,380,130,90,71
1240,1169,381,48,91,72
1241,1170,382,12,92,73
1242,1171,383,140,93,74
1243,1234,384,87,94,75
1244,1235,480,96,195,76
1245,1236,481,78,194,77
1246,1237,482,70,193,78
1247,2827,483,139,192,79
1248,2828,484,158,191,80
1249,2829,486,104,190,81
1250,2830,487,171,189,82
1251,2831,488,138,188,83
1252,2832,489,86,187,84
1253,2833,490,157,186,85
1254,2834,491,170,185,86
1255,2835,492,272,184,87
1256,2836,493,155,183,88
1257,2837,494,137,182,89
1258,2838,495,308,181,90
1259,2839,496,307,180,91
1260,2840,497,172,179,92
1261,2841,498,311,178,93
1262,2842,499,73,177,94
1263,2843,500,283,176,95
1264,2844,501,94,175,96
1265,2845,502,103,174,97
1266,2846,503,83,173,98
1267,2847,504,19,172,99
1268,2848,505,95,171,100
1269,2849,506,82,170,101
1270,2850,507,20,169,102
1271,2851,508,79,168,103
1272,2852,509,18,167,104
1273,2853,510,293,166,197
1274,2854,511,134,165,198
1275,2855,512,64,164,199
1276,2858,513,305,163,200
1277,2859,514,190,162,201
1278,2860,515,15,161,202
1279,2861,516,151,160,203
1280,2862,517,101,159,204
1281,2863,518,99,158,205
1282,2864,519,294,157,206
1283,2865,520,89,156,207
1284,2866,521,166,155,208
1285,2867,522,133,154,209
1286,2868,523,148,153,210
1287,2869,524,14,152,211
1288,2871,525,149,151,212
1289,2872,526,67,150,213
1290,3,527,98,149,214
1291,4,528,88,148,215
1292,3,529,165,147,216
1293,11,530,295,146,217
1294,10,531,132,145,218
1295,7,532,60,144,219
1296,5,533,13,143,220
1297,3,534,62,142,221
1298,2,535,77,141,222
1299,1651,536,102,140,223
1300,1656,537,93,139,224
1301,1657,538,312,138,225
1302,1658,539,191,137,226
1303,1659,540,169,136,227
1304,1660,541,136,135,228
1305,1661,542,75,134,229
1306,1663,543,303,133,230
1307,1664,544,17,132,231
1308,1665,545,154,131,232
1309,1667,546,265,130,233
1310,1668,547,74,129,234
1311,1669,548,167,128,235
1312,1670,549,304,127,236
1313,1671,550,92,126,237
1314,1672,551,189,125,238
1315,1899,552,168,124,239
1316,2463,553,281,123,240
1317,2486,554,135,122,241
1318,2487,555,65,121,242
1319,2488,556,16,120,243
1320,2490,557,152,119,244
1321,2491,558,71,118,245
1322,2492,559,100,117,246
1323,2493,560,91,116,247
1324,2494,561,50,115,248
1325,2506,562,28,114,249
1326,2517,563,8,113,250
1327,2524,564,127,112,251
1328,2525,565,38,111,252
1329,2526,566,76,110,253
1330,2527,567,54,109,254
1331,2529,568,150,108,255
1332,2530,569,112,107,256
1333,2531,570,27,106,257
1334,2532,571,124,105,258
1335,2533,572,126,104,259
1336,2534,573,37,103,260
1337,2535,574,72,102,261
1338,2536,575,292,101,262
1339,2537,576,53,100,263
1340,2538,577,147,99,264
1341,2540,578,298,98,265
1342,2541,579,111,97,266
1343,2542,580,26,96,267
1344,2543,581,6,95,268
1345,2544,582,125,94,269
1346,2561,583,36,93,270
1347,2562,584,7,92,271
1348,2563,585,41,91,272
1349,2564,586,85,90,273
1350,2565,587,58,89,274
1351,2566,588,284,88,275
1352,2567,589,159,87,276
1353,2568,590,115,86,277
1354,2569,591,32,85,278
1355,2570,592,10,84,279
1356,2571,593,129,83,280
1357,2572,594,40,82,281
1358,2573,595,113,81,282
1359,2574,596,270,80,283
1360,2575,597,56,79,284
1361,2576,598,156,78,285
1362,2577,599,114,77,286
1363,2578,600,30,76,287
1364,2579,601,9,75,288
1365,2580,602,128,73,289
1366,2581,603,39,72,290
1367,2582,604,81,71,291
1368,2583,605,306,70,292
1369,2584,606,55,69,293
1370,2585,607,153,68,294
1371,2586,608,145,67,295
1372,2587,609,268,66,296
1373,2588,610,121,65,297
1374,2589,611,33,64,298
1375,2590,612,61,63,299
1376,2591,613,282,62,300
1377,2592,614,47,61,301
1378,2593,615,143,60,302
1379,2594,616,107,59,303
1380,2595,617,22,58,304
1381,2596,618,2,57,305
1382,2597,619,274,56,306
1383,2598,620,120,55,307
1384,2599,621,31,54,308
1385,2600,622,105,53,309
1386,2601,623,46,52,310
1387,2602,624,142,51,311
1388,2603,625,106,50,312
1389,2604,626,310,49,313
1390,2606,627,300,48,314
1391,2607,628,275,47,315
1392,2608,629,21,46,316
1393,2609,630,1,45,317
1394,2610,631,119,44,318
1395,2616,632,29,43,319
1396,2621,633,57,42,320
1397,2627,634,45,41,321
1398,2628,635,141,40,322
1399,2629,636,301,39,323
1400,2630,637,59,38,324
1401,2631,638,52,37,325
1402,2632,639,146,36,326
1403,2633,640,110,35,327
1404,2634,641,25,34,328
1405,2635,642,5,33,329
1406,2636,643,123,32,330
1407,2637,644,35,31,331
1408,2639,645,68,30,332
1409,2640,646,51,29,333
1410,2641,647,3,28,334
1411,2642,648,109,27,335
1412,2643,649,24,26,336
1413,2644,650,4,25,337
1414,2645,651,122,24,338
1415,2646,652,34,23,339
1416,2647,653,299,22,340
1417,2648,654,63,21,341
1418,2649,655,309,20,342
1419,2650,656,49,19,343
1420,2651,657,144,18,344
1421,2652,658,108,17,345
1422,2653,659,23,16,346
1423,2654,660,84,15,347
1424,2655,661,44,14,348
1425,2656,662,273,13,349
1426,2657,663,90,12,350
1427,2658,664,69,11,351
1428,2659,665,291,10,352
1429,2660,666,161,9,353
1430,2661,667,280,8,354
1431,2662,668,188,7,355
1432,2663,669,118,6,356
1433,2664,670,192,5,357
1434,2665,671,42,4,358
1435,2666,672,11,3,359
1436,2667,673,131,2,360
1437,2668,674,276,1,361
1438,2669,675,43,1,362
1439,2670,676,116,3,363
1440,2671,677,66,4,364
1441,2672,678,160,5,365
1442,2673,679,117,6,366
425,2674,680,96,7,367
428,2675,681,122,8,368
429,2676,682,112,9,369
430,2677,683,18,10,370
431,2678,684,102,11,371
1254,2679,685,97,12,372
1257,2680,686,133,13,373
1258,2681,687,132,14,2
1260,2682,368,136,88,60
1262,2683,371,108,91,61
1272,2684,372,118,92,62
1275,2685,373,130,93,63
1276,2686,374,15,221,64
1281,2687,488,119,178,65
1292,2688,491,120,175,66
1300,2689,492,137,174,67
1301,2690,494,16,172,68
1305,2691,496,128,170,69
1308,2693,506,90,160,70
1311,2694,509,129,157,71
1313,2695,510,14,156,72
1315,2696,515,106,151,73
1337,2697,526,117,140,74
1340,2698,534,123,132,75
1350,2699,535,109,131,76
1358,2700,539,95,127,77
1367,2701,542,131,124,78
1371,2703,545,93,121,79
1375,2714,547,107,119,80
1381,2715,549,99,117,81
1388,2716,571,135,95,82
1389,2717,574,125,92,83
1390,2718,584,100,82,84
1398,2719,592,126,73,85
1415,2720,601,124,64,86
1417,2721,605,134,60,87
1424,2722,609,98,56,88
1427,2723,615,116,50,89
1429,2724,622,105,43,90
1430,2725,623,13,42,91
1432,2726,624,17,41,92
1436,2727,632,101,33,93
1442,2728,649,220,16,94
1443,2729,651,26,14,95
1444,2730,658,7,7,96
1445,2731,661,80,4,97
1446,2732,663,33,1,98
1447,2733,664,51,1,99
1448,2734,666,43,3,100
1449,2735,670,89,7,101
1450,2736,2139,52,2324,102
1451,2737,2140,94,13,103
1452,2738,2141,73,14,104
1453,2739,2142,35,15,105
1454,2740,2143,10,16,106
1455,2741,2144,83,17,107
1456,2742,2145,37,18,108
1457,2743,2146,54,19,109
1458,2744,2147,45,20,110
1459,2745,2148,92,21,111
1460,2746,2149,81,22,112
1461,2747,2150,34,23,113
1462,2748,2151,9,24,114
1463,2749,2152,82,25,115
1464,2750,2153,36,26,116
1465,2751,2154,53,27,117
1466,2752,2155,44,28,118
1467,2753,2156,91,29,119
1468,2754,2157,71,30,120
1469,2755,2158,31,31,121
1470,2756,2159,8,32,122
1471,2757,2160,5,33,123
1472,2758,2161,40,34,124
1473,2759,2162,86,35,125
1474,2760,2163,67,36,126
1475,2761,2164,22,37,127
1476,2762,2165,3,38,128
1477,2763,2166,76,39,129
1478,2764,2167,28,40,130
1479,2765,2168,47,41,131
1480,2766,2169,39,42,132
1481,2767,2170,85,43,133
1482,2768,2171,74,44,134
1483,2769,2172,21,45,135
1484,2770,2173,2,46,136
1485,2771,2174,75,47,137
1486,2772,2175,27,48,138
1487,2773,2176,46,49,139
1488,2774,2177,38,50,140
1489,2775,2178,84,51,141
1490,2776,2179,65,52,142
1491,2777,2180,20,53,143
1492,2778,2181,1,54,144
1493,2779,2182,66,55,145
1494,2780,2183,25,56,146
1495,2781,2184,6,57,147
1496,2782,2185,79,58,148
1497,2783,2186,32,59,149
1498,2784,2187,50,60,150
1499,2785,2188,42,61,151
1500,2786,2189,88,62,152
1501,2787,2190,69,63,153
1502,2788,2191,24,64,154
1503,2789,2192,48,65,155
1504,2790,2193,78,66,156
1505,2791,2194,30,67,157
1506,2792,2195,49,68,158
1507,2793,2196,41,69,159
1508,2794,2197,87,70,160
1509,2795,2198,68,71,161
1510,2796,2199,23,72,162
1511,2797,2200,4,73,163
1512,2798,2201,77,74,164
1513,2799,2202,29,75,165
1514,2800,2203,61,76,166
1515,2801,2204,60,77,167
1516,2802,2205,115,78,168
1517,2803,2206,104,79,169
1518,2804,2207,64,80,170
1519,2805,2208,12,81,171
1520,2806,2209,111,82,172
1521,2807,2210,57,83,173
1522,2808,2211,72,220,174
1523,2809,2212,59,219,175
1524,2810,2213,114,218,176
1525,2811,2214,55,217,177
1526,2812,2215,63,216,178
1527,2813,2216,11,215,179
1528,2814,2217,110,214,180
1529,2815,2218,56,213,181
1530,2816,2219,70,212,182
1531,2817,2220,58,211,183
1532,2818,2221,113,210,184
1533,2819,2222,103,209,185
1534,2820,2223,62,208,186
430,2821,2224,470,207,187
183,2822,2225,2788,206,188
207,201,2226,2787,205,189
224,202,2227,2785,204,190
240,203,2228,2326,203,191
298,204,2229,2730,202,192
308,205,2230,2789,201,193
421,206,2231,19,200,194
428,207,364,48,84,195
431,208,36,22,83,1
1765,209,1759,15,8,2
1766,210,1760,1,7,3
1767,211,1761,21,6,4
1768,212,1762,2,5,5
1769,213,1763,3,4,6
1770,214,1764,44,3,7
1771,215,1765,19,2,8
1772,216,1766,82,1,9
1773,217,1767,33,1,10
1774,223,1768,56,2,11
1775,224,1769,20,3,12
1776,225,1770,67,4,13
1777,226,1771,85,5,14
1778,227,1772,43,6,15
1779,229,1773,7,7,16
1780,230,1774,80,8,17
1781,231,1775,32,9,18
1782,232,1776,55,10,19
1783,233,1777,8,11,20
1784,235,1778,11,12,21
1785,236,1779,89,13,22
1786,237,1780,36,14,23
1787,238,1781,59,15,24
1788,239,1782,24,16,25
1789,242,1783,77,17,26
1790,243,1784,4,18,27
1791,244,1785,46,19,28
1792,246,1786,10,20,29
1793,247,1787,88,21,30
1794,248,1788,72,22,31
1795,249,1789,58,23,32
1796,251,1790,23,24,33
1797,252,1791,74,25,34
1798,253,1792,90,26,35
1799,254,1793,45,27,36
1800,256,1794,9,28,37
1801,262,1795,86,29,38
1802,272,1796,34,30,39
1803,278,1797,57,31,40
1804,284,1798,22,32,41
1805,285,1799,41,33,42
1806,286,1800,52,34,43
1807,287,1801,16,35,44
1808,288,1802,64,36,45
1809,350,1803,75,37,46
1810,351,1804,39,38,47
1811,352,1805,3,39,48
1812,353,1806,70,40,49
1813,354,1807,28,41,50
1814,2867,1808,51,42,51
1815,2,1809,15,43,52
1816,3,1810,68,44,53
1817,4,1811,73,45,54
1818,5,1812,38,46,55
1819,6,1813,2,47,56
1820,7,1814,69,48,57
1821,8,1815,27,49,58
1822,9,1816,50,50,1
1823,10,1817,14,51,1
1824,11,1818,62,52,2
1825,12,1819,71,53,3
1826,13,1820,37,54,4
1827,14,1821,1,55,5
1828,15,1822,63,56,6
1829,16,1823,66,57,7
1830,17,1824,83,58,8
1831,18,1825,42,59,9
1832,19,1826,6,60,10
1833,20,1827,79,61,11
1834,21,1828,31,62,12
1835,22,1829,54,63,13
1836,23,1830,18,64,14
1837,55,1831,65,65,15
1838,56,1832,81,66,16
1839,57,1833,29,67,17
1840,58,1834,5,68,18
1841,59,1835,84,69,19
1842,60,1836,30,70,20
1843,61,1837,53,71,21
1844,62,1838,17,72,22
1845,63,1839,35,73,23
1846,64,1840,78,74,24
1847,65,1841,40,75,25
1848,66,1842,4,76,26
1849,67,1843,76,77,27
1850,68,1844,49,78,28
1851,69,1845,25,79,29
1852,70,1846,5,80,30
1853,71,1847,87,81,31
1854,72,1848,26,82,32
1855,73,1849,61,14,33
1856,74,1850,13,13,34
1857,75,1851,6,12,35
1858,76,1852,48,11,36
1859,77,1853,60,10,37
1860,78,1854,47,9,38
301,79,1648,12,1,39
882,80,189,19,1,40
887,81,58,27,23,41
893,82,59,29,28,42
903,83,60,13,34,43
919,84,61,6,44,44
921,85,62,20,60,45
927,86,63,125,62,46
946,87,64,126,68,47
948,88,65,120,87,48
950,89,66,124,89,49
974,90,67,128,91,50
977,96,68,122,115,51
978,97,69,130,118,52
979,98,70,7,119,53
984,99,71,21,120,54
997,100,72,14,125,55
999,101,73,121,138,56
1002,102,74,28,140,57
1004,103,75,53,143,58
1014,104,76,129,145,59
1030,105,77,54,155,60
1031,106,78,9,171,61
1032,107,79,77,172,62
1033,108,80,108,173,63
1034,109,81,22,174,64
1035,110,82,1,175,65
1036,111,83,78,176,66
1037,112,84,16,177,67
1038,113,85,41,178,68
1039,114,86,8,179,69
1040,115,87,76,180,70
1041,116,88,42,181,71
1042,117,89,12,182,72
1043,118,90,84,183,73
1044,119,91,113,184,74
1045,120,92,25,185,75
1046,121,93,4,186,76
1047,122,94,93,187,77
1048,123,95,18,188,78
1049,124,96,45,189,79
1050,125,97,11,190,80
1051,126,98,2,191,81
1052,127,99,111,192,82
1053,128,100,24,193,83
1054,129,101,3,194,84
1055,130,102,88,195,85
1056,131,103,17,196,86
1057,132,104,44,197,87
1058,133,105,10,198,88
1059,134,106,81,199,89
1060,135,107,110,200,90
1061,136,108,23,201,91
1,137,109,57,202,92
2,138,110,41,2,93
3,139,111,11,13,94
4,140,2,20,1,95
5,141,3,49,2,96
6,142,4,5,3,1
7,143,5,58,4,1
8,144,6,42,5,2
9,146,7,12,6,3
10,147,8,34,7,4
11,148,9,21,8,5
12,149,10,35,9,6
13,150,11,50,10,7
14,151,12,13,11,8
15,152,13,43,12,9
16,153,14,28,13,10
17,154,15,51,14,11
18,155,16,22,15,12
19,156,17,48,16,13
20,157,18,6,17,14
21,158,19,46,18,15
22,159,20,17,19,16
23,160,21,31,20,17
24,161,22,9,21,18
25,162,23,38,22,19
26,163,24,54,23,20
27,164,25,25,24,21
28,165,26,2,25,22
29,166,27,45,26,23
30,167,28,16,27,24
31,168,29,23,28,25
32,169,30,8,29,26
33,170,31,37,30,27
34,171,32,53,31,28
35,172,33,24,32,29
36,173,34,1,33,30
37,174,35,44,34,31
38,175,36,15,35,32
39,176,37,29,36,33
40,177,38,7,37,34
41,178,39,36,38,35
42,179,40,52,39,36
43,180,41,30,40,37
44,181,42,19,41,38
45,182,43,33,42,39
46,184,44,10,43,40
47,185,45,40,44,41
48,186,46,56,45,42
49,187,47,27,46,43
50,188,48,4,47,44
51,189,49,47,48,45
52,190,50,18,49,46
53,191,51,32,50,47
54,192,52,3,51,48
55,193,53,39,52,49
56,194,54,55,53,50
57,195,55,26,54,51
896,196,56,14,55,52
1,197,57,17,56,53
2,198,58,195,57,64
3,199,2,54,1,52
4,239,3,124,2,51
5,240,4,36,3,50
6,315,5,191,4,49
7,613,6,199,5,48
8,614,7,98,6,47
9,615,8,174,7,46
10,616,9,25,8,45
11,617,10,77,9,44
861,717,11,72,10,43
12,2872,1,142,11,42
13,1,12,172,12,41
14,1,13,62,13,40
15,2,14,7,14,39
16,3,15,141,15,38
17,4,16,42,16,37
18,5,17,109,17,36
19,6,18,24,18,35
20,7,19,122,19,34
21,8,20,91,20,33
22,9,52,170,21,32
23,10,21,61,22,1
24,11,22,6,23,2
25,12,23,139,24,3
26,13,24,99,25,4
27,14,51,41,26,5
28,15,25,108,27,6
29,16,26,23,28,7
30,17,27,138,29,8
31,18,28,167,30,9
32,19,29,101,31,10
33,20,50,60,32,11
34,21,30,140,33,12
35,22,31,65,34,13
36,23,32,10,35,14
37,24,33,147,36,15
38,25,34,45,37,16
39,26,35,112,38,17
40,27,36,27,39,18
41,28,37,145,40,19
42,29,38,85,41,20
43,30,49,177,42,21
44,31,39,64,43,22
45,32,40,110,44,23
46,33,41,146,45,24
47,34,42,44,46,25
48,35,43,111,47,26
49,36,44,26,48,27
50,37,45,144,49,28
51,38,46,175,50,29
52,39,47,63,51,30
53,40,48,8,52,31
54,41,49,143,53,32
55,42,50,43,54,33
56,43,51,39,55,34
57,44,52,159,56,35
58,45,53,78,57,36
59,46,48,57,58,37
60,47,54,92,59,38
61,48,47,3,60,39
62,49,55,131,61,40
63,50,56,37,62,41
64,51,57,104,63,42
65,52,58,19,64,43
66,1905,59,197,65,44
67,1800,46,130,66,45
68,1799,60,157,67,46
69,1798,61,56,68,47
70,1797,62,102,69,48
71,1796,63,129,70,49
72,1674,64,35,71,50
73,1673,65,103,72,51
74,1672,66,18,73,52
75,1671,67,128,74,53
76,1670,68,155,75,54
77,1664,69,55,76,55
78,1658,70,1,77,56
79,1647,71,127,78,57
80,1642,72,34,79,58
81,1637,73,2,80,59
82,1635,74,137,81,60
83,1634,75,40,82,61
84,1633,76,107,83,62
85,1632,77,198,84,63
86,1631,45,22,85,64
87,1625,78,192,86,65
88,1624,44,136,87,66
89,1623,79,196,88,67
90,1622,43,163,89,68
91,1621,80,59,90,69
92,1619,81,5,91,70
93,1618,82,135,92,71
94,1617,83,132,93,72
95,1616,84,106,94,73
96,1615,85,21,95,74
97,1613,86,134,96,75
98,1612,87,161,97,76
99,1611,88,58,98,77
100,1610,89,4,99,78
101,1609,90,133,100,79
102,1603,91,38,101,80
103,1602,92,105,102,81
104,1601,93,20,103,82
105,1600,94,9,104,83
106,1599,95,69,105,84
107,1598,96,14,106,85
108,1597,97,176,107,86
109,1596,98,50,108,87
110,1595,99,120,109,88
111,1594,100,30,110,89
112,1593,101,162,111,90
113,1592,102,200,112,91
114,1591,42,187,113,92
115,1590,103,68,114,93
116,1589,104,194,115,94
117,1588,41,202,116,95
118,1587,40,79,117,96
119,1581,39,118,118,97
120,1580,105,173,119,98
121,1579,106,49,120,99
122,1578,107,119,121,100
123,1577,108,93,122,101
124,1575,38,29,123,102
125,1574,109,158,124,103
126,1573,110,186,125,104
127,1572,111,67,126,105
128,1571,112,12,127,106
129,1569,113,171,128,107
130,1568,114,48,129,108
131,1567,115,13,130,109
132,1566,116,53,131,110
133,1565,117,123,132,111
134,1564,118,33,133,112
135,1563,119,169,134,113
136,1562,120,86,135,114
137,1561,37,190,136,115
138,1560,121,193,137,116
139,1559,36,71,138,117
140,1558,122,16,139,118
141,1557,123,100,140,119
142,1556,35,184,141,120
143,1555,124,125,142,121
144,1554,34,52,143,122
145,1553,125,188,144,123
146,1552,126,32,145,124
147,1551,127,166,146,125
148,1550,128,189,147,126
149,1549,129,70,148,127
150,1548,130,15,149,128
151,1547,131,178,150,129
152,1546,132,51,151,130
153,1545,133,201,152,131
154,1544,33,121,153,132
155,1543,134,31,154,133
156,1532,135,164,155,134
157,1526,136,154,156,135
158,1520,137,168,157,136
159,1519,138,47,158,137
160,1518,139,115,159,138
161,1517,140,28,160,139
162,1516,141,151,161,140
163,1,142,181,162,141
164,1908,143,66,163,142
165,1909,144,11,164,143
166,1911,145,152,165,144
167,1912,146,46,166,145
168,2836,147,179,167,146
169,2837,148,126,168,147
872,2870,32,5,169,148
